{
    "repo_name": "vovolinux",
    "repo_url": "https://vovolinux.com.br/vovomazon/packages/var/lib/mzphp/unreleased/",
    "repo_dirlib": "/var/lib/mzphp/",
    "folder": "extra/",
    "name": "accountsservice",
    "version": "0.6.45-1",
    "maintainer": "Rumbler Soppa",
    "license": "'GPL'",
    "url": "https://www.freedesktop.org/wiki/Software/AccountsService/",
    "deps": "'glib' 'dbus_glib' 'polkit'",
    "file_mz": "accountsservice-0.6.45-1.mz",
    "file_desc": "accountsservice-0.6.45-1.mz.desc",
    "file_sha256": "accountsservice-0.6.45-1.mz.sha256",
    "file_json": "accountsservice-0.6.45-1.mz.json",
    "desc": "AccountsService is a D-Bus service for accessing the list \nof user accounts and information attached to those accounts."
}