{
    "repo_name": "vovolinux",
    "repo_url": "https://vovolinux.com.br/vovomazon/packages/var/lib/mzphp/unreleased/",
    "repo_dirlib": "/var/lib/mzphp/",
    "folder": "base/",
    "name": "acpid",
    "version": "2.0.30-2",
    "maintainer": "Rumbler Soppa",
    "license": "",
    "url": "https://sourceforge.net/projects/acpid2/",
    "deps": "pm_utils",
    "file_mz": "acpid-2.0.30-2.mz",
    "file_desc": "acpid-2.0.30-2.mz.desc",
    "file_sha256": "acpid-2.0.30-2.mz.sha256",
    "file_json": "acpid-2.0.30-2.mz.json",
    "desc": "Acpid (Advanced Configuration and Power Interface event daemon) \nis a completely flexible, totally extensible daemon for delivering \nACPI events. It listens on netlink interface and when an event occurs, \nexecutes programs to handle the event. The programs it executes are \nconfigured through a set of configuration files, which can be dropped \ninto place by packages or by the user."
}