{
    "repo_name": "oficial",
    "repo_url": "http://mazonos.com/packages/",
    "repo_dirlib": "/var/lib/mzphp/",
    "folder": "net/",
    "name": "aircrack_ng",
    "version": "1.5.2-1",
    "maintainer": "Alan Ramalho",
    "license": "",
    "url": "https://www.aircrack-ng.org/index.html",
    "deps": "''libnl' 'ethtool''",
    "file_mz": "aircrack_ng-1.5.2-1.mz",
    "file_desc": "aircrack_ng-1.5.2-1.mz.desc",
    "file_sha256": "aircrack_ng-1.5.2-1.mz.sha256",
    "file_json": "aircrack_ng-1.5.2-1.mz.json",
    "desc": "Aircrack-ng is a complete suite of tools to assess WiFi network \nsecurity.\nIt focuses on different areas of WiFi security:\nMonitoring: Packet capture and export of data to text files for further \nprocessing by third party tools\nAttacking: Replay attacks, deauthentication, fake access points and \nothers via packet injection\nTesting: Checking WiFi cards and driver capabilities \n(capture and injection)Cracking: WEP and WPA PSK (WPA 1 and 2)"
}