{
    "repo_name": "vovolinux",
    "repo_url": "https://vovolinux.com.br/vovomazon/packages/var/lib/mzphp/unreleased/",
    "repo_dirlib": "/var/lib/mzphp/",
    "folder": "libraries/",
    "name": "at_spi2_core",
    "version": "2.28.0-1",
    "maintainer": "Rumbler Soppa",
    "license": "'GPL'",
    "url": "https://gnome.org",
    "deps": "'dbus' 'glib' 'xorg_libraries' 'gobject_introspection'",
    "file_mz": "at_spi2_core-2.28.0-1.mz",
    "file_desc": "at_spi2_core-2.28.0-1.mz.desc",
    "file_sha256": "at_spi2_core-2.28.0-1.mz.sha256",
    "file_json": "at_spi2_core-2.28.0-1.mz.json",
    "desc": "he At-Spi2 Core package is a part of the GNOME \nAccessibility Project."
}