{
    "repo_name": "oficial",
    "repo_url": "http://mazonos.com/packages/",
    "repo_dirlib": "/var/lib/mzphp/",
    "folder": "base/",
    "name": "banana",
    "version": "2.1.4-1",
    "maintainer": "Jefferson Rocha",
    "license": "",
    "url": "http://bananapkg.github.io",
    "deps": "",
    "file_mz": "banana-2.1.4-1.mz",
    "file_desc": "banana-2.1.4-1.mz.desc",
    "file_sha256": "banana-2.1.4-1.mz.sha256",
    "file_json": "banana-2.1.4-1.mz.json",
    "desc": "Simple low level package manager."
}