{
    "repo_name": "oficial",
    "repo_url": "http://mazonos.com/packages/",
    "repo_dirlib": "/var/lib/mzphp/",
    "folder": "base/",
    "name": "bc",
    "version": "1.07.1-1",
    "maintainer": "Rumbler Soppa",
    "license": "",
    "url": "https://www.gnu.org/software/bc/",
    "deps": "''",
    "file_mz": "bc-1.07.1-1.mz",
    "file_desc": "bc-1.07.1-1.mz.desc",
    "file_sha256": "bc-1.07.1-1.mz.sha256",
    "file_json": "bc-1.07.1-1.mz.json",
    "desc": "The Bc package contains an arbitrary precision numeric \nprocessing language."
}