{
    "repo_name": "oficial",
    "repo_url": "http://mazonos.com/packages/",
    "repo_dirlib": "/var/lib/mzphp/",
    "folder": "x/",
    "name": "bdftopcf",
    "version": "1.1-1",
    "maintainer": "Jefferson Rocha",
    "license": "",
    "url": "https://www.x.org/archive/current/doc/man/man1/bdftopcf.1.xhtml",
    "deps": "''",
    "file_mz": "bdftopcf-1.1-1.mz",
    "file_desc": "bdftopcf-1.1-1.mz.desc",
    "file_sha256": "bdftopcf-1.1-1.mz.sha256",
    "file_json": "bdftopcf-1.1-1.mz.json",
    "desc": "convert X font from Bitmap Distribution Format to Portable\nCompiled Format"
}