{
    "repo_name": "vovolinux",
    "repo_url": "https://vovolinux.com.br/vovomazon/packages/var/lib/mzphp/unreleased/",
    "repo_dirlib": "/var/lib/mzphp/",
    "folder": "extra/",
    "name": "bluez",
    "version": "5.50-1",
    "maintainer": "Rumbler Soppa",
    "license": "'GPL'",
    "url": "https://www.kernel.org/pub/linux/bluetooth",
    "deps": "'dbus' 'glib' 'libical'",
    "file_mz": "bluez-5.50-1.mz",
    "file_desc": "bluez-5.50-1.mz.desc",
    "file_sha256": "bluez-5.50-1.mz.sha256",
    "file_json": "bluez-5.50-1.mz.json",
    "desc": "The BlueZ package contains the Bluetooth protocol stack for Linux"
}