{
    "repo_name": "vovolinux",
    "repo_url": "https://vovolinux.com.br/vovomazon/packages/var/lib/mzphp/unreleased/",
    "repo_dirlib": "/var/lib/mzphp/",
    "folder": "libraries/",
    "name": "boost",
    "version": "1.68.0-1",
    "maintainer": "Rumbler Soppa",
    "license": "GPL",
    "url": "https://www.boost.org/",
    "deps": "icu, python2",
    "file_mz": "boost-1.68.0-1.mz",
    "file_desc": "boost-1.68.0-1.mz.desc",
    "file_sha256": "boost-1.68.0-1.mz.sha256",
    "file_json": "boost-1.68.0-1.mz.json",
    "desc": "Boost provides a set of free peer-reviewed portable C++ source \nlibraries. It includes libraries for linear algebra, pseudorandom \nnumber generation, multithreading, image processing, regular \nexpressions and unit testing."
}