{
    "repo_name": "vovolinux",
    "repo_url": "https://vovolinux.com.br/vovomazon/packages/var/lib/mzphp/unreleased/",
    "repo_dirlib": "/var/lib/mzphp/",
    "folder": "multimedia/",
    "name": "cdparanoia",
    "version": "10.2-1",
    "maintainer": "Rumbler Soppa",
    "license": "GPL",
    "url": "https://xiph.org",
    "deps": "",
    "file_mz": "cdparanoia-10.2-1.mz",
    "file_desc": "cdparanoia-10.2-1.mz.desc",
    "file_sha256": "cdparanoia-10.2-1.mz.sha256",
    "file_json": "cdparanoia-10.2-1.mz.json",
    "desc": "The CDParanoia package contains a CD audio extraction tool. \nThis is useful for extracting .wav files from audio CDs. A CDDA \ncapable CDROM drive is needed. Practically all drives supported \nby Linux can be used."
}