{
    "repo_name": "oficial",
    "repo_url": "http://mazonos.com/packages/",
    "repo_dirlib": "/var/lib/mzphp/",
    "folder": "base/",
    "name": "check",
    "version": "0.12.0-1",
    "maintainer": "Diego Sarzi",
    "license": "",
    "url": "http://www.linuxfromscratch.org/lfs/view/stable/chapter06/check.html",
    "deps": "''",
    "file_mz": "check-0.12.0-1.mz",
    "file_desc": "check-0.12.0-1.mz.desc",
    "file_sha256": "check-0.12.0-1.mz.sha256",
    "file_json": "check-0.12.0-1.mz.json",
    "desc": "Check is a unit testing framework for C."
}