{
    "repo_name": "vovolinux",
    "repo_url": "https://vovolinux.com.br/vovomazon/packages/var/lib/mzphp/unreleased/",
    "repo_dirlib": "/var/lib/mzphp/",
    "folder": "extra/",
    "name": "cheese",
    "version": "3.28.0-1",
    "maintainer": "Rumbler Soppa",
    "license": "'GPL'",
    "url": "https://gnome.org",
    "deps": "'clutter_gst' 'clutter_gtkk' 'gnome_desktop' 'gnome_video_effects' 'gst_plugins_good' 'gst_plugins_bad' 'v4l_utils' 'itstool' 'libcanberra' 'libgudev' 'gobject_introspection' 'vala' 'libxslt' 'appstream_glib' 'nautilus_sendto'",
    "file_mz": "cheese-3.28.0-1.mz",
    "file_desc": "cheese-3.28.0-1.mz.desc",
    "file_sha256": "cheese-3.28.0-1.mz.sha256",
    "file_json": "cheese-3.28.0-1.mz.json",
    "desc": "Cheese is used to take photos and videos with fun \ngraphical effects."
}