{
    "repo_name": "vovolinux",
    "repo_url": "https://vovolinux.com.br/vovomazon/packages/var/lib/mzphp/unreleased/",
    "repo_dirlib": "/var/lib/mzphp/",
    "folder": "libraries/",
    "name": "clutter_gtk",
    "version": "1.8.4-1",
    "maintainer": "Rumbler Soppa",
    "license": "GPL",
    "url": "https://gnome.org",
    "deps": "clutter, gtk3, gobject_introspection",
    "file_mz": "clutter_gtk-1.8.4-1.mz",
    "file_desc": "clutter_gtk-1.8.4-1.mz.desc",
    "file_sha256": "clutter_gtk-1.8.4-1.mz.sha256",
    "file_json": "clutter_gtk-1.8.4-1.mz.json",
    "desc": "The Clutter Gtk package is a library providing facilities to \nintegrate Clutter into GTK+ applications."
}