{
    "repo_name": "vovolinux",
    "repo_url": "https://vovolinux.com.br/vovomazon/packages/var/lib/mzphp/unreleased/",
    "repo_dirlib": "/var/lib/mzphp/",
    "folder": "extra/",
    "name": "colord",
    "version": "1.4.3-1",
    "maintainer": "Rumbler Soppa",
    "license": "'GPL'",
    "url": "https://gnome.org",
    "deps": "'dbus' 'glib' 'lcms' 'sqlite' 'gobject_introspection' 'libgudev' 'libgusb' 'polkit' 'vala' 'gnome_desktop' 'bash_completion'",
    "file_mz": "colord-1.4.3-1.mz",
    "file_desc": "colord-1.4.3-1.mz.desc",
    "file_sha256": "colord-1.4.3-1.mz.sha256",
    "file_json": "colord-1.4.3-1.mz.json",
    "desc": "Colord is a system service that makes it easy to manage, install, \nand generate color profiles. It is used mainly by GNOME Color Manager \nfor system integration and use when no users are logged in."
}