{
    "repo_name": "oficial",
    "repo_url": "http://mazonos.com/packages/",
    "repo_dirlib": "/var/lib/mzphp/",
    "folder": "base/",
    "name": "coreutils",
    "version": "8.30-1",
    "maintainer": "Diego Sarzi",
    "license": "",
    "url": "http://www.linuxfromscratch.org/lfs/view/stable/chapter06/coreutils.html",
    "deps": "''",
    "file_mz": "coreutils-8.30-1.mz",
    "file_desc": "coreutils-8.30-1.mz.desc",
    "file_sha256": "coreutils-8.30-1.mz.sha256",
    "file_json": "coreutils-8.30-1.mz.json",
    "desc": "The Coreutils package contains utilities for showing and setting\nthe basic system characteristics."
}