{
    "repo_name": "oficial",
    "repo_url": "http://mazonos.com/packages/",
    "repo_dirlib": "/var/lib/mzphp/",
    "folder": "base/",
    "name": "cpio",
    "version": "2.12-1",
    "maintainer": "Diego Sarzi",
    "license": "GPL2+",
    "url": "http://www.linuxfromscratch.org/blfs/view/8.0-systemd/general/cpio.html",
    "deps": "",
    "file_mz": "cpio-2.12-1.mz",
    "file_desc": "cpio-2.12-1.mz.desc",
    "file_sha256": "cpio-2.12-1.mz.sha256",
    "file_json": "cpio-2.12-1.mz.json",
    "desc": "The cpio package contains tools for archiving."
}