{
    "repo_name": "oficial",
    "repo_url": "http://mazonos.com/packages/",
    "repo_dirlib": "/var/lib/mzphp/",
    "folder": "sec/",
    "name": "cracklib",
    "version": "2.9.7-1",
    "maintainer": "Vovolinux",
    "license": "GPL",
    "url": "http://www.linuxfromscratch.org/blfs/view/svn/postlfs/cracklib.html",
    "deps": "",
    "file_mz": "cracklib-2.9.7-1.mz",
    "file_desc": "cracklib-2.9.7-1.mz.desc",
    "file_sha256": "cracklib-2.9.7-1.mz.sha256",
    "file_json": "cracklib-2.9.7-1.mz.json",
    "desc": "The CrackLib package contains a library used to enforce strong \npasswords by comparing user selected passwords to words in chosen word \nlists.\nThis package is known to build and work properly using \nan LFS-8.4 platform."
}