{
    "repo_name": "vovolinux",
    "repo_url": "https://vovolinux.com.br/vovomazon/packages/var/lib/mzphp/unreleased/",
    "repo_dirlib": "/var/lib/mzphp/",
    "folder": "dev-tools/",
    "name": "dejagnu",
    "version": "1.6.1-1",
    "maintainer": "Rumbler Soppa",
    "license": "GPL",
    "url": "https://gnu.org",
    "deps": "",
    "file_mz": "dejagnu-1.6.1-1.mz",
    "file_desc": "dejagnu-1.6.1-1.mz.desc",
    "file_sha256": "dejagnu-1.6.1-1.mz.sha256",
    "file_json": "dejagnu-1.6.1-1.mz.json",
    "desc": "DejaGnu is a framework for running test suites on GNU tools."
}