{
    "repo_name": "vovolinux",
    "repo_url": "https://vovolinux.com.br/vovomazon/packages/var/lib/mzphp/unreleased/",
    "repo_dirlib": "/var/lib/mzphp/",
    "folder": "network/",
    "name": "dhcpcd",
    "version": "7.0.7-1",
    "maintainer": "Rumbler Soppa",
    "license": "'GPL'",
    "url": "http://roy.marples.name",
    "deps": "'clang'",
    "file_mz": "dhcpcd-7.0.7-1.mz",
    "file_desc": "dhcpcd-7.0.7-1.mz.desc",
    "file_sha256": "dhcpcd-7.0.7-1.mz.sha256",
    "file_json": "dhcpcd-7.0.7-1.mz.json",
    "desc": "dhcpcd is an implementation of the DHCP client specified in \nRFC2131. A DHCP client is useful for connecting your computer to \na network which uses DHCP to assign network addresses. dhcpcd \nstrives to be a fully featured, yet very lightweight DHCP client."
}