{
    "repo_name": "oficial",
    "repo_url": "http://mazonos.com/packages/",
    "repo_dirlib": "/var/lib/mzphp/",
    "folder": "base/",
    "name": "dialog",
    "version": "1.3-4",
    "maintainer": "Emerson Alves",
    "license": "",
    "url": "https://invisible-island.net/dialog/",
    "deps": "''",
    "file_mz": "dialog-1.3-4.mz",
    "file_desc": "dialog-1.3-4.mz.desc",
    "file_sha256": "dialog-1.3-4.mz.sha256",
    "file_json": "dialog-1.3-4.mz.json",
    "desc": "Though similar in style to CDK, it is different, being a \nscript-interpreter which provides a set of curses widgets. Widgets are \nobjects whose appearance and behavior can be customized. There is a \nmuch-reduced variation of dialog, called lxdialog, which is used in \nLinux kernel configuration."
}