{
    "repo_name": "vovolinux",
    "repo_url": "https://vovolinux.com.br/vovomazon/packages/var/lib/mzphp/unreleased/",
    "repo_dirlib": "/var/lib/mzphp/",
    "folder": "base/",
    "name": "dmraid",
    "version": "1.0.0-1",
    "maintainer": "Rumbler Soppa",
    "license": "GPL",
    "url": "https://github.com/Distrotech/dmraid",
    "deps": "dmraid, lvm",
    "file_mz": "dmraid-1.0.0-1.mz",
    "file_desc": "dmraid-1.0.0-1.mz.desc",
    "file_sha256": "dmraid-1.0.0-1.mz.sha256",
    "file_json": "dmraid-1.0.0-1.mz.json",
    "desc": "iThis software supports RAID device discovery, RAID set \nactivation, creation, removal, rebuild and display of properties \nfor ATARAID/DDF1 metadata."
}