{
    "repo_name": "vovolinux",
    "repo_url": "https://vovolinux.com.br/vovomazon/packages/var/lib/mzphp/unreleased/",
    "repo_dirlib": "/var/lib/mzphp/",
    "folder": "extra/",
    "name": "ffmpegthumbnailer",
    "version": "2.2.0-1",
    "maintainer": "Rumbler Soppa",
    "license": "GPL",
    "url": "https://github.com/dirkvdb/ffmpegthumbnailer",
    "deps": "ffmpeg, libavcodec, libavformat, libavutil, libavfilter",
    "file_mz": "ffmpegthumbnailer-2.2.0-1.mz",
    "file_desc": "ffmpegthumbnailer-2.2.0-1.mz.desc",
    "file_sha256": "ffmpegthumbnailer-2.2.0-1.mz.sha256",
    "file_json": "ffmpegthumbnailer-2.2.0-1.mz.json",
    "desc": "FFmpegthumbnailer is a lightweight video thumbnailer that can be \nused by file managers to create thumbnails for your video files. \nThe thumbnailer uses ffmpeg to decode frames from the video files, \nso supported videoformats depend on the configuration flags of ffmpeg."
}