{
    "repo_name": "oficial",
    "repo_url": "http://mazonos.com/packages/",
    "repo_dirlib": "/var/lib/mzphp/",
    "folder": "base/",
    "name": "file",
    "version": "5.36-1",
    "maintainer": "Rumbler Soppa",
    "license": "",
    "url": "http://www.darwinsys.com/file/",
    "deps": "",
    "file_mz": "file-5.36-1.mz",
    "file_desc": "file-5.36-1.mz.desc",
    "file_sha256": "file-5.36-1.mz.sha256",
    "file_json": "file-5.36-1.mz.json",
    "desc": "The File package contains a utility for determining the \ntype of a given file or files."
}