{
    "repo_name": "oficial",
    "repo_url": "http://mazonos.com/packages/",
    "repo_dirlib": "/var/lib/mzphp/",
    "folder": "extra/",
    "name": "firefox",
    "version": "66.0.2-2",
    "maintainer": "Diego Sarzi",
    "license": "",
    "url": "https://www.mozilla.org",
    "deps": "",
    "file_mz": "firefox-66.0.2-2.mz",
    "file_desc": "firefox-66.0.2-2.mz.desc",
    "file_sha256": "firefox-66.0.2-2.mz.sha256",
    "file_json": "firefox-66.0.2-2.mz.json",
    "desc": "Mozilla Firefox is a free and cross-platform browser developed by \nthe Mozilla Foundation with the help of hundreds of contributors. The \nfoundation"
}