{
    "repo_name": "oficial",
    "repo_url": "http://mazonos.com/packages/",
    "repo_dirlib": "/var/lib/mzphp/",
    "folder": "xapp/",
    "name": "galculator",
    "version": "2.1.4-1",
    "maintainer": "Desconhecido",
    "license": "Desconhecida",
    "url": "N\u00e3o dispon\u00edvel",
    "deps": "N\u00e3o dispon\u00edvel",
    "file_mz": "galculator-2.1.4-1.mz",
    "file_desc": "galculator-2.1.4-1.mz.desc",
    "file_sha256": "galculator-2.1.4-1.mz.sha256",
    "file_json": "galculator-2.1.4-1.mz.json",
    "desc": "N\u00e3o dispon\u00edvel"
}