{
    "repo_name": "oficial",
    "repo_url": "http://mazonos.com/packages/",
    "repo_dirlib": "/var/lib/mzphp/",
    "folder": "base/",
    "name": "gawk",
    "version": "4.2.1-1",
    "maintainer": "Diego Sarzi",
    "license": "",
    "url": "http://www.linuxfromscratch.org/lfs/view/stable/chapter06/gawk.html",
    "deps": "",
    "file_mz": "gawk-4.2.1-1.mz",
    "file_desc": "gawk-4.2.1-1.mz.desc",
    "file_sha256": "gawk-4.2.1-1.mz.sha256",
    "file_json": "gawk-4.2.1-1.mz.json",
    "desc": "The Gawk package contains programs for manipulating text files."
}