{
    "repo_name": "vovolinux",
    "repo_url": "https://vovolinux.com.br/vovomazon/packages/var/lib/mzphp/unreleased/",
    "repo_dirlib": "/var/lib/mzphp/",
    "folder": "extra/",
    "name": "gconf",
    "version": "3.2.6-1",
    "maintainer": "Rumbler Soppa",
    "license": "GPL",
    "url": "https://gnome.org",
    "deps": "dbus_glib, libxml2, gobject_introspection, gtk3, polkit, openldap",
    "file_mz": "gconf-3.2.6-1.mz",
    "file_desc": "gconf-3.2.6-1.mz.desc",
    "file_sha256": "gconf-3.2.6-1.mz.sha256",
    "file_json": "gconf-3.2.6-1.mz.json",
    "desc": "The GConf package contains a configuration database system \nused by many GNOME applications."
}