{
    "repo_name": "oficial",
    "repo_url": "http://mazonos.com/packages/",
    "repo_dirlib": "/var/lib/mzphp/",
    "folder": "xapp/",
    "name": "gedit",
    "version": "3.22.1-1",
    "maintainer": "Jefferson Rocha",
    "license": "",
    "url": "https://wiki.gnome.org/Apps/Gedit",
    "deps": "'gsettings-desktop-schemas' 'libpeas' 'dconf'",
    "file_mz": "gedit-3.22.1-1.mz",
    "file_desc": "gedit-3.22.1-1.mz.desc",
    "file_sha256": "gedit-3.22.1-1.mz.sha256",
    "file_json": "gedit-3.22.1-1.mz.json",
    "desc": "gedit is the GNOME text editor. While aiming at simplicity and\nease of use, gedit is a powerful general purpose text editor."
}