{
    "repo_name": "vovolinux",
    "repo_url": "https://vovolinux.com.br/vovomazon/packages/var/lib/mzphp/unreleased/",
    "repo_dirlib": "/var/lib/mzphp/",
    "folder": "libraries/",
    "name": "gexiv2",
    "version": "0.10.8-1",
    "maintainer": "Rumbler Soppa",
    "license": "'GPL'",
    "url": "https://gnome.org",
    "deps": "'exiv2' 'vala'",
    "file_mz": "gexiv2-0.10.8-1.mz",
    "file_desc": "gexiv2-0.10.8-1.mz.desc",
    "file_sha256": "gexiv2-0.10.8-1.mz.sha256",
    "file_json": "gexiv2-0.10.8-1.mz.json",
    "desc": "gexiv2 is a GObject-based wrapper around the Exiv2 library."
}