{
    "repo_name": "oficial",
    "repo_url": "http://mazonos.com/packages/",
    "repo_dirlib": "/var/lib/mzphp/",
    "folder": "xapp/",
    "name": "gimp",
    "version": "2.10.6-1",
    "maintainer": "Diego Sarzi",
    "license": "",
    "url": "http://www.linuxfromscratch.org/blfs/view/stable/xsoft/gimp.html",
    "deps": "'gegl-0.4.8' 'gexiv2-0.10.8' 'glib-networking-2.56.1' 'GTK+-2.24.32' 'HarfBuzz-1.8.8' 'libjpeg-turbo-2.0.0' 'libmypaint-1.3.0' 'librsvg-2.42.2' 'LibTIFF-4.0.9' 'libxml2-2.9.8' 'CMS-2.9' 'mypaint-brushes-1.3.0' 'Poppler-0.67.0' 'X'",
    "file_mz": "gimp-2.10.6-1.mz",
    "file_desc": "gimp-2.10.6-1.mz.desc",
    "file_sha256": "gimp-2.10.6-1.mz.sha256",
    "file_json": "gimp-2.10.6-1.mz.json",
    "desc": "The Gimp package contains the GNU Image Manipulation Program which\nis useful for photo retouching, image composition and image authoring."
}