{
    "repo_name": "oficial",
    "repo_url": "http://mazonos.com/packages/",
    "repo_dirlib": "/var/lib/mzphp/",
    "folder": "base/",
    "name": "glib",
    "version": "2.56.1-1",
    "maintainer": "Hugo Torres de Lima",
    "license": "",
    "url": "http://www.linuxfromscratch.org/blfs/view/8.3/general/glib2.html",
    "deps": "pcre",
    "file_mz": "glib-2.56.1-1.mz",
    "file_desc": "glib-2.56.1-1.mz.desc",
    "file_sha256": "glib-2.56.1-1.mz.sha256",
    "file_json": "glib-2.56.1-1.mz.json",
    "desc": "The GLib package contains low-level libraries useful for providing\ndata structure handling for C, portability wrappers and interfaces for\nsuch runtime functionality as an event loop, threads, dynamic loading\nand an object system."
}