{
    "repo_name": "vovolinux",
    "repo_url": "https://vovolinux.com.br/vovomazon/packages/var/lib/mzphp/unreleased/",
    "repo_dirlib": "/var/lib/mzphp/",
    "folder": "extra/",
    "name": "gnome_autoar",
    "version": "0.2.3-1",
    "maintainer": "Rumbler Soppa",
    "license": "'GPL'",
    "url": "https://gnome.org",
    "deps": "'libarchive' 'gtk3'",
    "file_mz": "gnome_autoar-0.2.3-1.mz",
    "file_desc": "gnome_autoar-0.2.3-1.mz.desc",
    "file_sha256": "gnome_autoar-0.2.3-1.mz.sha256",
    "file_json": "gnome_autoar-0.2.3-1.mz.json",
    "desc": "The gnome-autoar package provides a framework for automatic \narchive extraction, compression, and management."
}