{
    "repo_name": "vovolinux",
    "repo_url": "https://vovolinux.com.br/vovomazon/packages/var/lib/mzphp/unreleased/",
    "repo_dirlib": "/var/lib/mzphp/",
    "folder": "extra/",
    "name": "gnome_keyring",
    "version": "3.28.2-1",
    "maintainer": "Rumbler Soppa",
    "license": "GPL",
    "url": "https://gnome.org",
    "deps": "dbus, gcr, linux_pam, libxstl, openssh, gnupg",
    "file_mz": "gnome_keyring-3.28.2-1.mz",
    "file_desc": "gnome_keyring-3.28.2-1.mz.desc",
    "file_sha256": "gnome_keyring-3.28.2-1.mz.sha256",
    "file_json": "gnome_keyring-3.28.2-1.mz.json",
    "desc": "The GNOME Keyring package contains a daemon that keeps passwords \nand other secrets for users."
}