{
    "repo_name": "oficial",
    "repo_url": "http://mazonos.com/packages/",
    "repo_dirlib": "/var/lib/mzphp/",
    "folder": "xapp/",
    "name": "gnome_disk_utility",
    "version": "3.32.0-1",
    "maintainer": "Desconhecido",
    "license": "Desconhecida",
    "url": "N\u00e3o dispon\u00edvel",
    "deps": "N\u00e3o dispon\u00edvel",
    "file_mz": "gnome_disk_utility-3.32.0-1.mz",
    "file_desc": "gnome_disk_utility-3.32.0-1.mz.desc",
    "file_sha256": "gnome_disk_utility-3.32.0-1.mz.sha256",
    "file_json": "gnome_disk_utility-3.32.0-1.mz.json",
    "desc": "N\u00e3o dispon\u00edvel"
}