{
    "repo_name": "vovolinux",
    "repo_url": "https://vovolinux.com.br/vovomazon/packages/var/lib/mzphp/unreleased/",
    "repo_dirlib": "/var/lib/mzphp/",
    "folder": "libraries/",
    "name": "gpgme",
    "version": "1.11.1-1",
    "maintainer": "Rumbler Soppa",
    "license": "GPL",
    "url": "https://gnupg.org",
    "deps": "libassuan, gnupg, python2, qt5_base",
    "file_mz": "gpgme-1.11.1-1.mz",
    "file_desc": "gpgme-1.11.1-1.mz.desc",
    "file_sha256": "gpgme-1.11.1-1.mz.sha256",
    "file_json": "gpgme-1.11.1-1.mz.json",
    "desc": "The GPGME package is a C library that allows cryptography support \nto be added to a program. It is designed to make access to public key \ncrypto engines like GnuPG or GpgSM easier for applications.\nGPGME provides a high-level crypto API for encryption, decryption, \nsigning, signature verification and key management."
}