{
    "repo_name": "oficial",
    "repo_url": "http://mazonos.com/packages/",
    "repo_dirlib": "/var/lib/mzphp/",
    "folder": "theme/",
    "name": "greybird",
    "version": "2019.03.31-1",
    "maintainer": "Desconhecido",
    "license": "Desconhecida",
    "url": "N\u00e3o dispon\u00edvel",
    "deps": "N\u00e3o dispon\u00edvel",
    "file_mz": "greybird-2019.03.31-1.mz",
    "file_desc": "greybird-2019.03.31-1.mz.desc",
    "file_sha256": "greybird-2019.03.31-1.mz.sha256",
    "file_json": "greybird-2019.03.31-1.mz.json",
    "desc": "N\u00e3o dispon\u00edvel"
}