{
    "repo_name": "oficial",
    "repo_url": "http://mazonos.com/packages/",
    "repo_dirlib": "/var/lib/mzphp/",
    "folder": "base/",
    "name": "groff",
    "version": "1.22.3-1",
    "maintainer": "Diego Sarzi",
    "license": "",
    "url": "http://www.linuxfromscratch.org/lfs/view/stable/chapter06/groff.html",
    "deps": "''",
    "file_mz": "groff-1.22.3-1.mz",
    "file_desc": "groff-1.22.3-1.mz.desc",
    "file_sha256": "groff-1.22.3-1.mz.sha256",
    "file_json": "groff-1.22.3-1.mz.json",
    "desc": "The Groff package contains programs for processing and\nformatting text."
}