{
    "repo_name": "vovolinux",
    "repo_url": "https://vovolinux.com.br/vovomazon/packages/var/lib/mzphp/unreleased/",
    "repo_dirlib": "/var/lib/mzphp/",
    "folder": "extra/",
    "name": "gsettings_desktop_schemas",
    "version": "3.28.0-1",
    "maintainer": "Rumbler Soppa",
    "license": "GPL",
    "url": "https://gnome.org",
    "deps": "glib, gobject_introspection",
    "file_mz": "gsettings_desktop_schemas-3.28.0-1.mz",
    "file_desc": "gsettings_desktop_schemas-3.28.0-1.mz.desc",
    "file_sha256": "gsettings_desktop_schemas-3.28.0-1.mz.sha256",
    "file_json": "gsettings_desktop_schemas-3.28.0-1.mz.json",
    "desc": "The GSettings Desktop Schemas package contains a collection \nof GSettings schemas for settings shared by various components \nof a GNOME Desktop."
}