{
    "repo_name": "vovolinux",
    "repo_url": "https://vovolinux.com.br/vovomazon/packages/var/lib/mzphp/unreleased/",
    "repo_dirlib": "/var/lib/mzphp/",
    "folder": "multimedia/",
    "name": "gst_plugins_good",
    "version": "1.14.2-1",
    "maintainer": "Rumbler Soppa",
    "license": "GPL",
    "url": "https://sourceforge.net/gst-plugins-good",
    "deps": "gst_plugins_base, cairo, flac, lame, mpg123, mesa, gdk_pixbuf, libgudev, libjpeg_turbo, libpng, libsoup, libvpx, xorg_libraries, aalib, gtk3, libdv, pulseaudio, speex, taglib, v4l_utils",
    "file_mz": "gst_plugins_good-1.14.2-1.mz",
    "file_desc": "gst_plugins_good-1.14.2-1.mz.desc",
    "file_sha256": "gst_plugins_good-1.14.2-1.mz.sha256",
    "file_json": "gst_plugins_good-1.14.2-1.mz.json",
    "desc": "The GStreamer Good Plug-ins is a set of plug-ins considered by \nthe GStreamer developers to have good quality code, correct \nfunctionality, and the preferred license \n(LGPL for the plug-in code, LGPL or LGPL-compatible \nfor the supporting library). A wide range of video and audio decoders, \nencoders, and filters are included."
}