{
    "repo_name": "oficial",
    "repo_url": "http://mazonos.com/packages/",
    "repo_dirlib": "/var/lib/mzphp/",
    "folder": "x/",
    "name": "gtk_engines",
    "version": "2.20.2-2",
    "maintainer": "Desconhecido",
    "license": "Desconhecida",
    "url": "N\u00e3o dispon\u00edvel",
    "deps": "N\u00e3o dispon\u00edvel",
    "file_mz": "gtk_engines-2.20.2-2.mz",
    "file_desc": "gtk_engines-2.20.2-2.mz.desc",
    "file_sha256": "gtk_engines-2.20.2-2.mz.sha256",
    "file_json": "gtk_engines-2.20.2-2.mz.json",
    "desc": "N\u00e3o dispon\u00edvel"
}