{
    "repo_name": "vovolinux",
    "repo_url": "https://vovolinux.com.br/vovomazon/packages/var/lib/mzphp/unreleased/",
    "repo_dirlib": "/var/lib/mzphp/",
    "folder": "extra/",
    "name": "hdparm",
    "version": "9.56-1",
    "maintainer": "Rumbler Soppa",
    "license": "'GPL'",
    "url": "https://sourceforge/hdparm",
    "deps": "''",
    "file_mz": "hdparm-9.56-1.mz",
    "file_desc": "hdparm-9.56-1.mz.desc",
    "file_sha256": "hdparm-9.56-1.mz.sha256",
    "file_json": "hdparm-9.56-1.mz.json",
    "desc": "The Hdparm package contains a utility that is useful for \nobtaining information about, and controlling ATA/IDE controllers \nand hard drives. It allows to increase performance and sometimes \nto increase stability."
}