{
    "repo_name": "oficial",
    "repo_url": "http://mazonos.com/packages/",
    "repo_dirlib": "/var/lib/mzphp/",
    "folder": "xapp/",
    "name": "hexchat",
    "version": "2.14.2-1",
    "maintainer": "Jefferson Rocha",
    "license": "",
    "url": "https://hexchat.github.io/",
    "deps": "'lua'",
    "file_mz": "hexchat-2.14.2-1.mz",
    "file_desc": "hexchat-2.14.2-1.mz.desc",
    "file_sha256": "hexchat-2.14.2-1.mz.sha256",
    "file_json": "hexchat-2.14.2-1.mz.json",
    "desc": "HexChat is an IRC chat program."
}