{
    "repo_name": "vovolinux",
    "repo_url": "https://vovolinux.com.br/vovomazon/packages/var/lib/mzphp/unreleased/",
    "repo_dirlib": "/var/lib/mzphp/",
    "folder": "xapp/",
    "name": "hicolor_icon_theme",
    "version": "0.17-1",
    "maintainer": "Rumbler Soppa",
    "license": "GPL",
    "url": "https://freedesktop.org",
    "deps": "",
    "file_mz": "hicolor_icon_theme-0.17-1.mz",
    "file_desc": "hicolor_icon_theme-0.17-1.mz.desc",
    "file_sha256": "hicolor_icon_theme-0.17-1.mz.sha256",
    "file_json": "hicolor_icon_theme-0.17-1.mz.json",
    "desc": "The hicolor-icon-theme package contains a default fallback \ntheme for implementations of the icon theme specification."
}