{
    "repo_name": "vovolinux",
    "repo_url": "https://vovolinux.com.br/vovomazon/packages/var/lib/mzphp/unreleased/",
    "repo_dirlib": "/var/lib/mzphp/",
    "folder": "extra/",
    "name": "hunspell",
    "version": "1.7.0-1",
    "maintainer": "Rumbler Soppa",
    "license": "VARIOUS",
    "url": "https://hunspell.github.io/",
    "deps": "base_devel",
    "file_mz": "hunspell-1.7.0-1.mz",
    "file_desc": "hunspell-1.7.0-1.mz.desc",
    "file_sha256": "hunspell-1.7.0-1.mz.sha256",
    "file_json": "hunspell-1.7.0-1.mz.json",
    "desc": "Spell checker and morphological analyzer library and program"
}