{
    "repo_name": "vovolinux",
    "repo_url": "https://vovolinux.com.br/vovomazon/packages/var/lib/mzphp/unreleased/",
    "repo_dirlib": "/var/lib/mzphp/",
    "folder": "xorg_drivers/",
    "name": "intel_vaapi_driver",
    "version": "2.2.0-1",
    "maintainer": "Rumbler Soppa",
    "license": "'GPL'",
    "url": "https://github.com/intel/intel-vaapi-driver",
    "deps": "'libdrm' 'mesa' 'wayland'",
    "file_mz": "intel_vaapi_driver-2.2.0-1.mz",
    "file_desc": "intel_vaapi_driver-2.2.0-1.mz.desc",
    "file_sha256": "intel_vaapi_driver-2.2.0-1.mz.sha256",
    "file_json": "intel_vaapi_driver-2.2.0-1.mz.json",
    "desc": "The intel-vaapi-driver is designed specifically for video cards \nbased on an Intel GPU."
}