{
    "repo_name": "oficial",
    "repo_url": "http://mazonos.com/packages/",
    "repo_dirlib": "/var/lib/mzphp/",
    "folder": "base/",
    "name": "iproute2",
    "version": "4.18.0-1",
    "maintainer": "Diego Sarzi",
    "license": "",
    "url": "http://www.linuxfromscratch.org/lfs/view/stable/chapter06/iproute2.html",
    "deps": "",
    "file_mz": "iproute2-4.18.0-1.mz",
    "file_desc": "iproute2-4.18.0-1.mz.desc",
    "file_sha256": "iproute2-4.18.0-1.mz.sha256",
    "file_json": "iproute2-4.18.0-1.mz.json",
    "desc": "The IPRoute2 package contains programs for basic and advanced\nIPV4-based networking."
}