{
    "repo_name": "vovolinux",
    "repo_url": "https://vovolinux.com.br/vovomazon/packages/var/lib/mzphp/unreleased/",
    "repo_dirlib": "/var/lib/mzphp/",
    "folder": "libraries/",
    "name": "itstool",
    "version": "2.0.4-1",
    "maintainer": "Rumbler Soppa",
    "license": "'GPL'",
    "url": "https://itstool.org",
    "deps": "'python3'",
    "file_mz": "itstool-2.0.4-1.mz",
    "file_desc": "itstool-2.0.4-1.mz.desc",
    "file_sha256": "itstool-2.0.4-1.mz.sha256",
    "file_json": "itstool-2.0.4-1.mz.json",
    "desc": "Itstool extracts messages from XML files and outputs PO template \nfiles, then merges translations from MO files to create \ntranslated XML files."
}