{
    "repo_name": "vovolinux",
    "repo_url": "https://vovolinux.com.br/vovomazon/packages/var/lib/mzphp/unreleased/",
    "repo_dirlib": "/var/lib/mzphp/",
    "folder": "libraries/",
    "name": "jsoncpp",
    "version": "0.10.7-1",
    "maintainer": "Rumbler Soppa",
    "license": "GPL",
    "url": "https://github.com/open-source-parsers/jsoncpp",
    "deps": "",
    "file_mz": "jsoncpp-0.10.7-1.mz",
    "file_desc": "jsoncpp-0.10.7-1.mz.desc",
    "file_sha256": "jsoncpp-0.10.7-1.mz.sha256",
    "file_json": "jsoncpp-0.10.7-1.mz.json",
    "desc": "JsonCpp is a C++ library that allows manipulating JSON values, \nincluding serialization and deserialization to and from strings."
}