{
    "repo_name": "oficial",
    "repo_url": "http://mazonos.com/packages/",
    "repo_dirlib": "/var/lib/mzphp/",
    "folder": "base/",
    "name": "kmod",
    "version": "25-1",
    "maintainer": "Diego Sarzi",
    "license": "",
    "url": "http://www.linuxfromscratch.org/lfs/view/stable/chapter06/kmod.html",
    "deps": "",
    "file_mz": "kmod-25-1.mz",
    "file_desc": "kmod-25-1.mz.desc",
    "file_sha256": "kmod-25-1.mz.sha256",
    "file_json": "kmod-25-1.mz.json",
    "desc": "The Kmod package contains libraries and utilities for loading\nkernel modules."
}