{
    "repo_name": "vovolinux",
    "repo_url": "https://vovolinux.com.br/vovomazon/packages/var/lib/mzphp/unreleased/",
    "repo_dirlib": "/var/lib/mzphp/",
    "folder": "libraries/",
    "name": "l_smash",
    "version": "2.14.5-1",
    "maintainer": "Rumbler Soppa",
    "license": "'ICS'",
    "url": "https://github.com/l-smash/l-smash",
    "deps": "''",
    "file_mz": "l_smash-2.14.5-1.mz",
    "file_desc": "l_smash-2.14.5-1.mz.desc",
    "file_sha256": "l_smash-2.14.5-1.mz.sha256",
    "file_json": "l_smash-2.14.5-1.mz.json",
    "desc": "L-SMASH is a library with the ISO Base Media file format and \nits derived file formats, including MP4."
}