{
    "repo_name": "vovolinux",
    "repo_url": "https://vovolinux.com.br/vovomazon/packages/var/lib/mzphp/unreleased/",
    "repo_dirlib": "/var/lib/mzphp/",
    "folder": "libraries/",
    "name": "libarchive",
    "version": "3.3.2-1",
    "maintainer": "Rumbler Soppa",
    "license": "GPL",
    "url": "http://www.libarchive.org",
    "deps": "libxml2, lzo, nettle",
    "file_mz": "libarchive-3.3.2-1.mz",
    "file_desc": "libarchive-3.3.2-1.mz.desc",
    "file_sha256": "libarchive-3.3.2-1.mz.sha256",
    "file_json": "libarchive-3.3.2-1.mz.json",
    "desc": "The libarchive library provides a single interface for \nreading/writing various compression formats."
}