{
    "repo_name": "vovolinux",
    "repo_url": "https://vovolinux.com.br/vovomazon/packages/var/lib/mzphp/unreleased/",
    "repo_dirlib": "/var/lib/mzphp/",
    "folder": "libraries/",
    "name": "libatasmart",
    "version": "0.19-1",
    "maintainer": "Rumbler Soppa",
    "license": "GPL",
    "url": "http://0pointer.de",
    "deps": "",
    "file_mz": "libatasmart-0.19-1.mz",
    "file_desc": "libatasmart-0.19-1.mz.desc",
    "file_sha256": "libatasmart-0.19-1.mz.sha256",
    "file_json": "libatasmart-0.19-1.mz.json",
    "desc": "The libatasmart package is a disk reporting library. \nIt only supports a subset of the ATA S.M.A.R.T. functionality."
}