{
    "repo_name": "vovolinux",
    "repo_url": "https://vovolinux.com.br/vovomazon/packages/var/lib/mzphp/unreleased/",
    "repo_dirlib": "/var/lib/mzphp/",
    "folder": "libraries/",
    "name": "libao",
    "version": "1.2.0-1",
    "maintainer": "Rumbler Soppa",
    "license": "'GPL'",
    "url": "https://xiph.org",
    "deps": "'xorg_server' 'alsa_lib'",
    "file_mz": "libao-1.2.0-1.mz",
    "file_desc": "libao-1.2.0-1.mz.desc",
    "file_sha256": "libao-1.2.0-1.mz.sha256",
    "file_json": "libao-1.2.0-1.mz.json",
    "desc": "The libao package contains a cross-platform audio library. \nThis is useful to output audio on a wide variety of platforms."
}