{
    "repo_name": "vovolinux",
    "repo_url": "https://vovolinux.com.br/vovomazon/packages/var/lib/mzphp/unreleased/",
    "repo_dirlib": "/var/lib/mzphp/",
    "folder": "libraries/",
    "name": "libcddb",
    "version": "1.3.2-1",
    "maintainer": "Rumbler Soppa",
    "license": "'GPL'",
    "url": "https://sourceforge.net/libcdbd",
    "deps": "''",
    "file_mz": "libcddb-1.3.2-1.mz",
    "file_desc": "libcddb-1.3.2-1.mz.desc",
    "file_sha256": "libcddb-1.3.2-1.mz.sha256",
    "file_json": "libcddb-1.3.2-1.mz.json",
    "desc": "The libcddb is a library that implements the different protocols\n(CDDBP, HTTP, SMTP) to access data on a CDDB server."
}