{
    "repo_name": "vovolinux",
    "repo_url": "https://vovolinux.com.br/vovomazon/packages/var/lib/mzphp/unreleased/",
    "repo_dirlib": "/var/lib/mzphp/",
    "folder": "libraries/",
    "name": "libcanberra",
    "version": "0.30-1",
    "maintainer": "Rumbler Soppa",
    "license": "'GPL'",
    "url": "http://0pointer.de/lennart/projects/libcanberra",
    "deps": "'libvorbis' 'alsa_lib' 'gstreamer' 'gtk2' 'gtk3'",
    "file_mz": "libcanberra-0.30-1.mz",
    "file_desc": "libcanberra-0.30-1.mz.desc",
    "file_sha256": "libcanberra-0.30-1.mz.sha256",
    "file_json": "libcanberra-0.30-1.mz.json",
    "desc": "libcanberra is an implementation of the XDG Sound Theme and Name \nSpecifications, for generating event sounds on free desktops\nsuch as GNOME."
}