{
    "repo_name": "vovolinux",
    "repo_url": "https://vovolinux.com.br/vovomazon/packages/var/lib/mzphp/unreleased/",
    "repo_dirlib": "/var/lib/mzphp/",
    "folder": "libraries/",
    "name": "libcroco",
    "version": "0.6.12-1",
    "maintainer": "Rumbler Soppa",
    "license": "'GPL'",
    "url": "https://gnome.org",
    "deps": "'glib' 'libxml2'",
    "file_mz": "libcroco-0.6.12-1.mz",
    "file_desc": "libcroco-0.6.12-1.mz.desc",
    "file_sha256": "libcroco-0.6.12-1.mz.sha256",
    "file_json": "libcroco-0.6.12-1.mz.json",
    "desc": "The libcroco package contains a standalone CSS2 parsing and \nmanipulation library."
}