{
    "repo_name": "vovolinux",
    "repo_url": "https://vovolinux.com.br/vovomazon/packages/var/lib/mzphp/unreleased/",
    "repo_dirlib": "/var/lib/mzphp/",
    "folder": "libraries/",
    "name": "libdaemon",
    "version": "0.14-1",
    "maintainer": "Rumbler Soppa",
    "license": "GPL",
    "url": "http://0pointer.de/lennart/projects/libdaemon",
    "deps": "",
    "file_mz": "libdaemon-0.14-1.mz",
    "file_desc": "libdaemon-0.14-1.mz.desc",
    "file_sha256": "libdaemon-0.14-1.mz.sha256",
    "file_json": "libdaemon-0.14-1.mz.json",
    "desc": "The libdaemon package is a lightweight C library that eases \nthe writing of UNIX daemons."
}