{
    "repo_name": "vovolinux",
    "repo_url": "https://vovolinux.com.br/vovomazon/packages/var/lib/mzphp/unreleased/",
    "repo_dirlib": "/var/lib/mzphp/",
    "folder": "libraries/",
    "name": "libedit",
    "version": "3.1-1",
    "maintainer": "Rumbler Soppa",
    "license": "GPL",
    "url": "http://thrysoee.dk/editline/",
    "deps": "",
    "file_mz": "libedit-3.1-1.mz",
    "file_desc": "libedit-3.1-1.mz.desc",
    "file_sha256": "libedit-3.1-1.mz.sha256",
    "file_json": "libedit-3.1-1.mz.json",
    "desc": "This is an autotool- and libtoolized port of the NetBSD Editline \nlibrary (libedit). This Berkeley-style licensed command line editor \nlibrary provides generic line editing, history, and tokenization \nfunctions, similar to those found in GNU Readline."
}