{
    "repo_name": "vovolinux",
    "repo_url": "https://vovolinux.com.br/vovomazon/packages/var/lib/mzphp/unreleased/",
    "repo_dirlib": "/var/lib/mzphp/",
    "folder": "xorg_drivers/",
    "name": "libevdev",
    "version": "1.5.9-1",
    "maintainer": "Rumbler Soppa",
    "license": "'GPL'",
    "url": "https://freedesktop.org",
    "deps": "''",
    "file_mz": "libevdev-1.5.9-1.mz",
    "file_desc": "libevdev-1.5.9-1.mz.desc",
    "file_sha256": "libevdev-1.5.9-1.mz.sha256",
    "file_json": "libevdev-1.5.9-1.mz.json",
    "desc": "The libevdev package contains common functions for Xorg input \ndrivers."
}