{
    "repo_name": "vovolinux",
    "repo_url": "https://vovolinux.com.br/vovomazon/packages/var/lib/mzphp/unreleased/",
    "repo_dirlib": "/var/lib/mzphp/",
    "folder": "libraries/",
    "name": "libgpg_error",
    "version": "1.32-1",
    "maintainer": "Rumbler Soppa",
    "license": "'GPL'",
    "url": "https://www.gnupg.org/",
    "deps": "''",
    "file_mz": "libgpg_error-1.32-1.mz",
    "file_desc": "libgpg_error-1.32-1.mz.desc",
    "file_sha256": "libgpg_error-1.32-1.mz.sha256",
    "file_json": "libgpg_error-1.32-1.mz.json",
    "desc": "The libgpg-error package contains a library that defines \ncommon error values for all GnuPG components."
}