{
    "repo_name": "vovolinux",
    "repo_url": "https://vovolinux.com.br/vovomazon/packages/var/lib/mzphp/unreleased/",
    "repo_dirlib": "/var/lib/mzphp/",
    "folder": "libraries/",
    "name": "libgudev",
    "version": "232-1",
    "maintainer": "Rumbler Soppa",
    "license": "'GPL'",
    "url": "https://github.com/GNOME/libgudev",
    "deps": "'glib'",
    "file_mz": "libgudev-232-1.mz",
    "file_desc": "libgudev-232-1.mz.desc",
    "file_sha256": "libgudev-232-1.mz.sha256",
    "file_json": "libgudev-232-1.mz.json",
    "desc": "The libgudev package contains GObject bindings for libudev."
}