{
    "repo_name": "vovolinux",
    "repo_url": "https://vovolinux.com.br/vovomazon/packages/var/lib/mzphp/unreleased/",
    "repo_dirlib": "/var/lib/mzphp/",
    "folder": "libraries/",
    "name": "libgtop",
    "version": "2.38.0-1",
    "maintainer": "Rumbler Soppa",
    "license": "'GPL'",
    "url": "http://gnome.org",
    "deps": "'glib' 'xorg_libraries' 'gobject_introspection'",
    "file_mz": "libgtop-2.38.0-1.mz",
    "file_desc": "libgtop-2.38.0-1.mz.desc",
    "file_sha256": "libgtop-2.38.0-1.mz.sha256",
    "file_json": "libgtop-2.38.0-1.mz.json",
    "desc": "The libgtop package contains the GNOME top libraries."
}