{
    "repo_name": "vovolinux",
    "repo_url": "https://vovolinux.com.br/vovomazon/packages/var/lib/mzphp/unreleased/",
    "repo_dirlib": "/var/lib/mzphp/",
    "folder": "libraries/",
    "name": "libido",
    "version": "12.10.2-1",
    "maintainer": "Rumbler Soppa",
    "license": "'GPL'",
    "url": "https://launchpad.net/ido",
    "deps": "'glib' 'gtk3'",
    "file_mz": "libido-12.10.2-1.mz",
    "file_desc": "libido-12.10.2-1.mz.desc",
    "file_sha256": "libido-12.10.2-1.mz.sha256",
    "file_json": "libido-12.10.2-1.mz.json",
    "desc": "Widgets and other objects used for indicators."
}