{
    "repo_name": "vovolinux",
    "repo_url": "https://vovolinux.com.br/vovomazon/packages/var/lib/mzphp/unreleased/",
    "repo_dirlib": "/var/lib/mzphp/",
    "folder": "libraries/",
    "name": "libisofs",
    "version": "1.4.8-1",
    "maintainer": "Rumbler Soppa",
    "license": "GPL",
    "url": "http://libburnia-project.org",
    "deps": "",
    "file_mz": "libisofs-1.4.8-1.mz",
    "file_desc": "libisofs-1.4.8-1.mz.desc",
    "file_sha256": "libisofs-1.4.8-1.mz.sha256",
    "file_json": "libisofs-1.4.8-1.mz.json",
    "desc": "libisofs is a library to create an ISO-9660 filesystem with \nextensions like RockRidge or Joliet."
}