{
    "repo_name": "vovolinux",
    "repo_url": "https://vovolinux.com.br/vovomazon/packages/var/lib/mzphp/unreleased/",
    "repo_dirlib": "/var/lib/mzphp/",
    "folder": "libraries/",
    "name": "libindicator",
    "version": "12.10.1-1",
    "maintainer": "Rumbler Soppa",
    "license": "GPL",
    "url": "https://launchpad.net/libindicator",
    "deps": "glib, gtk3, freetype, pango, cairo, gdk_pixbuf",
    "file_mz": "libindicator-12.10.1-1.mz",
    "file_desc": "libindicator-12.10.1-1.mz.desc",
    "file_sha256": "libindicator-12.10.1-1.mz.sha256",
    "file_json": "libindicator-12.10.1-1.mz.json",
    "desc": "A set of symbols and convience functions that all indicators \nwould like to use."
}