{
    "repo_name": "vovolinux",
    "repo_url": "https://vovolinux.com.br/vovomazon/packages/var/lib/mzphp/unreleased/",
    "repo_dirlib": "/var/lib/mzphp/",
    "folder": "libraries/",
    "name": "libmng",
    "version": "2.0.3-1",
    "maintainer": "Rumbler Soppa",
    "license": "GPL",
    "url": "https://sourceforge.net/libmng/",
    "deps": "libgpj_turbo, lcms2",
    "file_mz": "libmng-2.0.3-1.mz",
    "file_desc": "libmng-2.0.3-1.mz.desc",
    "file_sha256": "libmng-2.0.3-1.mz.sha256",
    "file_json": "libmng-2.0.3-1.mz.json",
    "desc": "The libmng libraries are used by programs wanting to read and \nwrite Multiple-image Network Graphics (MNG) files which are the \nanimation equivalents to PNG files."
}