{
    "repo_name": "vovolinux",
    "repo_url": "https://vovolinux.com.br/vovomazon/packages/var/lib/mzphp/unreleased/",
    "repo_dirlib": "/var/lib/mzphp/",
    "folder": "libraries/",
    "name": "libmad",
    "version": "0.15.1-1",
    "maintainer": "Rumbler Soppa",
    "license": "'GPL'",
    "url": "https://sourceforge.net/mad",
    "deps": "''",
    "file_mz": "libmad-0.15.1-1.mz",
    "file_desc": "libmad-0.15.1-1.mz.desc",
    "file_sha256": "libmad-0.15.1-1.mz.sha256",
    "file_json": "libmad-0.15.1-1.mz.json",
    "desc": "libmad is a high-quality MPEG audio decoder capable \nof 24-bit output."
}