{
    "repo_name": "vovolinux",
    "repo_url": "https://vovolinux.com.br/vovomazon/packages/var/lib/mzphp/unreleased/",
    "repo_dirlib": "/var/lib/mzphp/",
    "folder": "libraries/",
    "name": "libmtp",
    "version": "1.1.15-1",
    "maintainer": "Rumbler Soppa",
    "license": "GPL",
    "url": "https://sourceforge.net/libmtp",
    "deps": "",
    "file_mz": "libmtp-1.1.15-1.mz",
    "file_desc": "libmtp-1.1.15-1.mz.desc",
    "file_sha256": "libmtp-1.1.15-1.mz.sha256",
    "file_json": "libmtp-1.1.15-1.mz.json",
    "desc": "libmtp is a LGPL library implementation of the Media Transfer \nProtocol (MTP), a superset of the Picture Transfer Protocol (PTP)."
}