{
    "repo_name": "vovolinux",
    "repo_url": "https://vovolinux.com.br/vovomazon/packages/var/lib/mzphp/unreleased/",
    "repo_dirlib": "/var/lib/mzphp/",
    "folder": "libraries/",
    "name": "libndp",
    "version": "1.7-1",
    "maintainer": "Rumbler Soppa",
    "license": "'GPL'",
    "url": "https://libndp.org",
    "deps": "''",
    "file_mz": "libndp-1.7-1.mz",
    "file_desc": "libndp-1.7-1.mz.desc",
    "file_sha256": "libndp-1.7-1.mz.sha256",
    "file_json": "libndp-1.7-1.mz.json",
    "desc": "The libndp package provides a wrapper for IPv6 Neighbor Discovery \nProtocol. It also provides a tool named ndptool for sending and\nreceiving NDP messages."
}