{
    "repo_name": "vovolinux",
    "repo_url": "https://vovolinux.com.br/vovomazon/packages/var/lib/mzphp/unreleased/",
    "repo_dirlib": "/var/lib/mzphp/",
    "folder": "libraries/",
    "name": "libsamplerate",
    "version": "0.1.9-1",
    "maintainer": "Rumbler Soppa",
    "license": "'GPL'",
    "url": "http://www.mega-nerd.com/",
    "deps": "'libsndfile' 'fftw'",
    "file_mz": "libsamplerate-0.1.9-1.mz",
    "file_desc": "libsamplerate-0.1.9-1.mz.desc",
    "file_sha256": "libsamplerate-0.1.9-1.mz.sha256",
    "file_json": "libsamplerate-0.1.9-1.mz.json",
    "desc": "libsamplerate is a sample rate converter for audio."
}