{
    "repo_name": "vovolinux",
    "repo_url": "https://vovolinux.com.br/vovomazon/packages/var/lib/mzphp/unreleased/",
    "repo_dirlib": "/var/lib/mzphp/",
    "folder": "libraries/",
    "name": "libsrtp",
    "version": "2.2.0-1",
    "maintainer": "Rumbler Soppa",
    "license": "BSD",
    "url": "https://github.com/cisco/libsrtp",
    "deps": "openssl",
    "file_mz": "libsrtp-2.2.0-1.mz",
    "file_desc": "libsrtp-2.2.0-1.mz.desc",
    "file_sha256": "libsrtp-2.2.0-1.mz.sha256",
    "file_json": "libsrtp-2.2.0-1.mz.json",
    "desc": "Library for SRTP (Secure Realtime Transport Protocol)"
}