{
    "repo_name": "vovolinux",
    "repo_url": "https://vovolinux.com.br/vovomazon/packages/var/lib/mzphp/unreleased/",
    "repo_dirlib": "/var/lib/mzphp/",
    "folder": "libraries/",
    "name": "libseccomp",
    "version": "2.3.3-1",
    "maintainer": "Rumbler Soppa",
    "license": "'GPL'",
    "url": "https://github.com/seccomp/libseccomp",
    "deps": "''",
    "file_mz": "libseccomp-2.3.3-1.mz",
    "file_desc": "libseccomp-2.3.3-1.mz.desc",
    "file_sha256": "libseccomp-2.3.3-1.mz.sha256",
    "file_json": "libseccomp-2.3.3-1.mz.json",
    "desc": "The libseccomp package provides an easy to use and platform \nindependent interface to the Linux kernel"
}