{
    "repo_name": "oficial",
    "repo_url": "http://mazonos.com/packages/",
    "repo_dirlib": "/var/lib/mzphp/",
    "folder": "lib/",
    "name": "libsass",
    "version": "3.5.2-1",
    "maintainer": "Desconhecido",
    "license": "Desconhecida",
    "url": "N\u00e3o dispon\u00edvel",
    "deps": "N\u00e3o dispon\u00edvel",
    "file_mz": "libsass-3.5.2-1.mz",
    "file_desc": "libsass-3.5.2-1.mz.desc",
    "file_sha256": "libsass-3.5.2-1.mz.sha256",
    "file_json": "libsass-3.5.2-1.mz.json",
    "desc": "N\u00e3o dispon\u00edvel"
}