{
    "repo_name": "vovolinux",
    "repo_url": "https://vovolinux.com.br/vovomazon/packages/var/lib/mzphp/unreleased/",
    "repo_dirlib": "/var/lib/mzphp/",
    "folder": "libraries/",
    "name": "libtheora",
    "version": "1.1.1-1",
    "maintainer": "Diego Sarzi",
    "license": "",
    "url": "http://www.linuxfromscratch.org/blfs/view/8.3/multimedia/libtheora.html",
    "deps": "'libogg-1.3.3'",
    "file_mz": "libtheora-1.1.1-1.mz",
    "file_desc": "libtheora-1.1.1-1.mz.desc",
    "file_sha256": "libtheora-1.1.1-1.mz.sha256",
    "file_json": "libtheora-1.1.1-1.mz.json",
    "desc": "libtheora is a reference implementation of the Theora video\ncompression format being developed by the Xiph.Org Foundation."
}