{
    "repo_name": "oficial",
    "repo_url": "http://mazonos.com/packages/",
    "repo_dirlib": "/var/lib/mzphp/",
    "folder": "lib/",
    "name": "libvorbis",
    "version": "1.3.6-1",
    "maintainer": "Diego Sarzi",
    "license": "",
    "url": "http://www.linuxfromscratch.org/blfs/view/8.3/multimedia/libvorbis.html",
    "deps": "'libogg-1.3.3'",
    "file_mz": "libvorbis-1.3.6-1.mz",
    "file_desc": "libvorbis-1.3.6-1.mz.desc",
    "file_sha256": "libvorbis-1.3.6-1.mz.sha256",
    "file_json": "libvorbis-1.3.6-1.mz.json",
    "desc": "The libvorbis package contains a general purpose audio and music\nencoding format. This is useful for creating (encoding) and playing\n(decoding) sound in an open (patent free) format."
}