{
    "repo_name": "vovolinux",
    "repo_url": "https://vovolinux.com.br/vovomazon/packages/var/lib/mzphp/unreleased/",
    "repo_dirlib": "/var/lib/mzphp/",
    "folder": "xfce4/",
    "name": "libwnck",
    "version": "2.30.7-1",
    "maintainer": "Rumbler Soppa",
    "license": "GPL",
    "url": "https://gnome.org",
    "deps": "gtk2, statup_notificarion, gobject_introspection",
    "file_mz": "libwnck-2.30.7-1.mz",
    "file_desc": "libwnck-2.30.7-1.mz.desc",
    "file_sha256": "libwnck-2.30.7-1.mz.sha256",
    "file_json": "libwnck-2.30.7-1.mz.json",
    "desc": "The libwnck package contains a Window Navigator Construction Kit."
}