{
    "repo_name": "vovolinux",
    "repo_url": "https://vovolinux.com.br/vovomazon/packages/var/lib/mzphp/unreleased/",
    "repo_dirlib": "/var/lib/mzphp/",
    "folder": "xfce4/",
    "name": "libxfce4ui",
    "version": "4.12.1-1",
    "maintainer": "Rumbler Soppa",
    "license": "GPL",
    "url": "https://xfce.org",
    "deps": "gtk2, gtk3, xfconf, startup_notification",
    "file_mz": "libxfce4ui-4.12.1-1.mz",
    "file_desc": "libxfce4ui-4.12.1-1.mz.desc",
    "file_sha256": "libxfce4ui-4.12.1-1.mz.sha256",
    "file_json": "libxfce4ui-4.12.1-1.mz.json",
    "desc": "The libxfce4ui package contains GTK+ 2 widgets that are \nused by other Xfce applications"
}