{
    "repo_name": "vovolinux",
    "repo_url": "https://vovolinux.com.br/vovomazon/packages/var/lib/mzphp/unreleased/",
    "repo_dirlib": "/var/lib/mzphp/",
    "folder": "libraries/",
    "name": "libxslt",
    "version": "1.1.32-1",
    "maintainer": "Rumbler Soppa",
    "license": "'GPL'",
    "url": "https://xmlsoft.org",
    "deps": "'libxml2' 'docbook_xsl' 'libgcrypt'",
    "file_mz": "libxslt-1.1.32-1.mz",
    "file_desc": "libxslt-1.1.32-1.mz.desc",
    "file_sha256": "libxslt-1.1.32-1.mz.sha256",
    "file_json": "libxslt-1.1.32-1.mz.json",
    "desc": "libxslt contains XSLT libraries used for extending libxml2 \nlibraries to support XSLT files."
}