{
    "repo_name": "oficial",
    "repo_url": "http://mazonos.com/packages/",
    "repo_dirlib": "/var/lib/mzphp/",
    "folder": "lib/",
    "name": "libxml2",
    "version": "2.9.9-1",
    "maintainer": "Emerson Alves",
    "license": "'none'",
    "url": "http://www.linuxfromscratch.org/blfs/view/svn/general/libxml2.html",
    "deps": "''",
    "file_mz": "libxml2-2.9.9-1.mz",
    "file_desc": "libxml2-2.9.9-1.mz.desc",
    "file_sha256": "libxml2-2.9.9-1.mz.sha256",
    "file_json": "libxml2-2.9.9-1.mz.json",
    "desc": "The libxml2 package contains libraries and utilities used for \nparsing XML files."
}