{
    "repo_name": "oficial",
    "repo_url": "http://mazonos.com/packages/",
    "repo_dirlib": "/var/lib/mzphp/",
    "folder": "extra/",
    "name": "lightdm",
    "version": "1.28.0-1",
    "maintainer": "Diego Sarzi",
    "license": "GPL3",
    "url": "http://www.linuxfromscratch.org/blfs/view/cvs/x/lightdm.html",
    "deps": "GTK+-3.24.7, libgcrypt-1.8.4, Linux-PAM-1.3.0, PCRE-8.43",
    "file_mz": "lightdm-1.28.0-1.mz",
    "file_desc": "lightdm-1.28.0-1.mz.desc",
    "file_sha256": "lightdm-1.28.0-1.mz.sha256",
    "file_json": "lightdm-1.28.0-1.mz.json",
    "desc": "The lightdm package contains a lightweight display manager\nbased upon GTK."
}