{
    "repo_name": "vovolinux",
    "repo_url": "https://vovolinux.com.br/vovomazon/packages/var/lib/mzphp/unreleased/",
    "repo_dirlib": "/var/lib/mzphp/",
    "folder": "network/",
    "name": "links",
    "version": "2.16-1",
    "maintainer": "Rumbler Soppa",
    "license": "'GPL'",
    "url": "http://links.twibright.com/",
    "deps": "'libevent' 'gmp' 'directfb' 'xorg_server' 'libpng' 'libjpeg_turbo' 'librsvg' 'libtiff'",
    "file_mz": "links-2.16-1.mz",
    "file_desc": "links-2.16-1.mz.desc",
    "file_sha256": "links-2.16-1.mz.sha256",
    "file_json": "links-2.16-1.mz.json",
    "desc": "Links is a text and graphics mode WWW browser."
}