{
    "repo_name": "vovolinux",
    "repo_url": "https://vovolinux.com.br/vovomazon/packages/var/lib/mzphp/unreleased/",
    "repo_dirlib": "/var/lib/mzphp/",
    "folder": "base/",
    "name": "linux_headers",
    "version": "5.1.3-1",
    "maintainer": "Rumbler Soppa",
    "license": "GPL",
    "url": "https://kernel.org",
    "deps": "linux",
    "file_mz": "linux_headers-5.1.3-1.mz",
    "file_desc": "linux_headers-5.1.3-1.mz.desc",
    "file_sha256": "linux_headers-5.1.3-1.mz.sha256",
    "file_json": "linux_headers-5.1.3-1.mz.json",
    "desc": "Kernel headers"
}