{
    "repo_name": "vovolinux",
    "repo_url": "https://vovolinux.com.br/vovomazon/packages/var/lib/mzphp/unreleased/",
    "repo_dirlib": "/var/lib/mzphp/",
    "folder": "base/",
    "name": "linux_pam",
    "version": "1.3.0-1",
    "maintainer": "Rumbler Soppa",
    "license": "GPL",
    "url": "https://linux-pam.org",
    "deps": "",
    "file_mz": "linux_pam-1.3.0-1.mz",
    "file_desc": "linux_pam-1.3.0-1.mz.desc",
    "file_sha256": "linux_pam-1.3.0-1.mz.sha256",
    "file_json": "linux_pam-1.3.0-1.mz.json",
    "desc": "The Linux PAM package contains Pluggable Authentication Modules \nused to enable the local system administrator to choose how \napplications authenticate users."
}