{
    "repo_name": "oficial",
    "repo_url": "http://mazonos.com/packages/",
    "repo_dirlib": "/var/lib/mzphp/",
    "folder": "lib/",
    "name": "lmdb",
    "version": "0.9.23-1",
    "maintainer": "Desconhecido",
    "license": "Desconhecida",
    "url": "N\u00e3o dispon\u00edvel",
    "deps": "N\u00e3o dispon\u00edvel",
    "file_mz": "lmdb-0.9.23-1.mz",
    "file_desc": "lmdb-0.9.23-1.mz.desc",
    "file_sha256": "lmdb-0.9.23-1.mz.sha256",
    "file_json": "lmdb-0.9.23-1.mz.json",
    "desc": "N\u00e3o dispon\u00edvel"
}