{
    "repo_name": "vovolinux",
    "repo_url": "https://vovolinux.com.br/vovomazon/packages/var/lib/mzphp/unreleased/",
    "repo_dirlib": "/var/lib/mzphp/",
    "folder": "extra/",
    "name": "lxdm",
    "version": "0.5.3-1",
    "maintainer": "Rumbler Soppa",
    "license": "GPL",
    "url": "https://sourceforge.net/lxdm",
    "deps": "gtk2, ISO-codes, librsvg, linux_pam",
    "file_mz": "lxdm-0.5.3-1.mz",
    "file_desc": "lxdm-0.5.3-1.mz.desc",
    "file_sha256": "lxdm-0.5.3-1.mz.sha256",
    "file_json": "lxdm-0.5.3-1.mz.json",
    "desc": "The LXDM is a lightweight Display Manager for the LXDE desktop. \nIt can also be used as an alternative to other Display Managers such \nas GNOME"
}