{
    "repo_name": "oficial",
    "repo_url": "http://mazonos.com/packages/",
    "repo_dirlib": "/var/lib/mzphp/",
    "folder": "base/",
    "name": "m4",
    "version": "1.4.18-1",
    "maintainer": "Rumbler Soppa",
    "license": "",
    "url": "https://www.gnu.org/software/m4/",
    "deps": "''",
    "file_mz": "m4-1.4.18-1.mz",
    "file_desc": "m4-1.4.18-1.mz.desc",
    "file_sha256": "m4-1.4.18-1.mz.sha256",
    "file_json": "m4-1.4.18-1.mz.json",
    "desc": "The M4 package contains a macro processor."
}