{
    "repo_name": "vovolinux",
    "repo_url": "https://vovolinux.com.br/vovomazon/packages/var/lib/mzphp/unreleased/",
    "repo_dirlib": "/var/lib/mzphp/",
    "folder": "extra/",
    "name": "mdadm",
    "version": "4.0-1",
    "maintainer": "Rumbler Soppa",
    "license": "GPL",
    "url": "https://www.kernel.org/pub/linux/utils/raid/mdadm",
    "deps": "",
    "file_mz": "mdadm-4.0-1.mz",
    "file_desc": "mdadm-4.0-1.mz.desc",
    "file_sha256": "mdadm-4.0-1.mz.sha256",
    "file_json": "mdadm-4.0-1.mz.json",
    "desc": "The mdadm package contains administration tools for software RAID."
}