{
    "repo_name": "vovolinux",
    "repo_url": "https://vovolinux.com.br/vovomazon/packages/var/lib/mzphp/unreleased/",
    "repo_dirlib": "/var/lib/mzphp/",
    "folder": "xorg/",
    "name": "mesa",
    "version": "18.1.6-1",
    "maintainer": "Rumbler Soppa",
    "license": "GPL",
    "url": "https://freedesktop.org",
    "deps": "xorg_libraries, libdrm, python2_mako, python2, libvddpau, llvm, wayland_protocols, gtk3",
    "file_mz": "mesa-18.1.6-1.mz",
    "file_desc": "mesa-18.1.6-1.mz.desc",
    "file_sha256": "mesa-18.1.6-1.mz.sha256",
    "file_json": "mesa-18.1.6-1.mz.json",
    "desc": "Mesa is an OpenGL compatible 3D graphics library."
}