{
    "repo_name": "vovolinux",
    "repo_url": "https://vovolinux.com.br/vovomazon/packages/var/lib/mzphp/unreleased/",
    "repo_dirlib": "/var/lib/mzphp/",
    "folder": "base/",
    "name": "mkinitramfs",
    "version": "1.0-1",
    "maintainer": "Rumbler Soppa",
    "license": "GPL",
    "url": "https://mazonos.com",
    "deps": "cpio",
    "file_mz": "mkinitramfs-1.0-1.mz",
    "file_desc": "mkinitramfs-1.0-1.mz.desc",
    "file_sha256": "mkinitramfs-1.0-1.mz.sha256",
    "file_json": "mkinitramfs-1.0-1.mz.json",
    "desc": "Creator modular image initramfs"
}