{
    "repo_name": "oficial",
    "repo_url": "http://mazonos.com/packages/",
    "repo_dirlib": "/var/lib/mzphp/",
    "folder": "base/",
    "name": "ninja",
    "version": "1.8.2-1",
    "maintainer": "Diego Sarzi",
    "license": "",
    "url": "http://www.linuxfromscratch.org/lfs/view/stable/chapter06/ninja.html",
    "deps": "",
    "file_mz": "ninja-1.8.2-1.mz",
    "file_desc": "ninja-1.8.2-1.mz.desc",
    "file_sha256": "ninja-1.8.2-1.mz.sha256",
    "file_json": "ninja-1.8.2-1.mz.json",
    "desc": "Ninja is a small build system with a focus on speed."
}