{
    "repo_name": "oficial",
    "repo_url": "http://mazonos.com/packages/",
    "repo_dirlib": "/var/lib/mzphp/",
    "folder": "net/",
    "name": "nmap",
    "version": "7.70-1",
    "maintainer": "Alan Ramalho",
    "license": "",
    "url": "https://nmap.org/",
    "deps": "''",
    "file_mz": "nmap-7.70-1.mz",
    "file_desc": "nmap-7.70-1.mz.desc",
    "file_sha256": "nmap-7.70-1.mz.sha256",
    "file_json": "nmap-7.70-1.mz.json",
    "desc": "Nmap (Network Mapper) is a free and open source (license) utility\nfor network discovery and security auditing. Many systems and network \nadministrators also find it useful for tasks such as network inventory,\nmanaging service upgrade schedules, and monitoring host or service \nuptime."
}