{
    "repo_name": "oficial",
    "repo_url": "http://mazonos.com/packages/",
    "repo_dirlib": "/var/lib/mzphp/",
    "folder": "base/",
    "name": "openssl",
    "version": "1.1.0i-1",
    "maintainer": "Diego Sarzi",
    "license": "",
    "url": "http://www.linuxfromscratch.org/lfs/view/stable/chapter06/openssl.html",
    "deps": "''",
    "file_mz": "openssl-1.1.0i-1.mz",
    "file_desc": "openssl-1.1.0i-1.mz.desc",
    "file_sha256": "openssl-1.1.0i-1.mz.sha256",
    "file_json": "openssl-1.1.0i-1.mz.json",
    "desc": "The OpenSSL package contains management tools and libraries\nrelating to cryptography. These are useful for providing cryptographic\nfunctions to other packages, such as OpenSSH, email applications and\nweb browsers (for accessing HTTPS sites)."
}