{
    "repo_name": "vovolinux",
    "repo_url": "https://vovolinux.com.br/vovomazon/packages/var/lib/mzphp/unreleased/",
    "repo_dirlib": "/var/lib/mzphp/",
    "folder": "network/",
    "name": "openldap_server",
    "version": "2.4.46-1",
    "maintainer": "Rumbler Soppa",
    "license": "GPL",
    "url": "https://openldap.org",
    "deps": "cyrus_sasl, icu, gnutls, pth, unixodbc, mariadb",
    "file_mz": "openldap_server-2.4.46-1.mz",
    "file_desc": "openldap_server-2.4.46-1.mz.desc",
    "file_sha256": "openldap_server-2.4.46-1.mz.sha256",
    "file_json": "openldap_server-2.4.46-1.mz.json",
    "desc": "The OpenLDAP package provides an open source implementation of \nthe Lightweight Directory Access Protocol."
}