{
    "repo_name": "oficial",
    "repo_url": "http://mazonos.com/packages/",
    "repo_dirlib": "/var/lib/mzphp/",
    "folder": "extra/",
    "name": "openbox",
    "version": "3.6.1-1",
    "maintainer": "Hugo Torres de Lima",
    "license": "GPLv2",
    "url": "http://openbox.org/wiki/Main_Page",
    "deps": "pango",
    "file_mz": "openbox-3.6.1-1.mz",
    "file_desc": "openbox-3.6.1-1.mz.desc",
    "file_sha256": "openbox-3.6.1-1.mz.sha256",
    "file_json": "openbox-3.6.1-1.mz.json",
    "desc": "Openbox is a highly configurable, next generation window manager\nwith extensive standards support."
}