{
    "repo_name": "vovolinux",
    "repo_url": "https://vovolinux.com.br/vovomazon/packages/var/lib/mzphp/unreleased/",
    "repo_dirlib": "/var/lib/mzphp/",
    "folder": "multimedia/",
    "name": "opus",
    "version": "1.2.1-1",
    "maintainer": "Diego Sarzi",
    "license": "",
    "url": "http://www.linuxfromscratch.org/blfs/view/8.3/multimedia/opus.html",
    "deps": "",
    "file_mz": "opus-1.2.1-1.mz",
    "file_desc": "opus-1.2.1-1.mz.desc",
    "file_sha256": "opus-1.2.1-1.mz.sha256",
    "file_json": "opus-1.2.1-1.mz.json",
    "desc": "Opus is a lossy audio compression format developed by the Internet\nEngineering Task Force (IETF) that is particularly suitable for interactive\nspeech and audio transmission over the Internet. This package provides the\nOpus development library and headers."
}