{
    "repo_name": "vovolinux",
    "repo_url": "https://vovolinux.com.br/vovomazon/packages/var/lib/mzphp/unreleased/",
    "repo_dirlib": "/var/lib/mzphp/",
    "folder": "extra/",
    "name": "os_prober",
    "version": "1.64-1",
    "maintainer": "Rumbler Soppa",
    "license": "'GPL'",
    "url": "https://github.com/campadrenalin/os-prober",
    "deps": "'grub'",
    "file_mz": "os_prober-1.64-1.mz",
    "file_desc": "os_prober-1.64-1.mz.desc",
    "file_sha256": "os_prober-1.64-1.mz.sha256",
    "file_json": "os_prober-1.64-1.mz.json",
    "desc": "Tool for adding other distros to GRUB."
}