{
    "repo_name": "vovolinux",
    "repo_url": "https://vovolinux.com.br/vovomazon/packages/var/lib/mzphp/unreleased/",
    "repo_dirlib": "/var/lib/mzphp/",
    "folder": "xfce4/",
    "name": "parole",
    "version": "1.0.1-1",
    "maintainer": "Rumbler Soppa",
    "license": "GPL",
    "url": "https://xfce.org",
    "deps": "dbus, dbus_glib, glib, gio, libxfce4ui, libxfce4util, gtk3, gst_plugins_base, gst_plugins_good, libindicator, notification_daemon",
    "file_mz": "parole-1.0.1-1.mz",
    "file_desc": "parole-1.0.1-1.mz.desc",
    "file_sha256": "parole-1.0.1-1.mz.sha256",
    "file_json": "parole-1.0.1-1.mz.json",
    "desc": "Parole is a DVD/CD/music player for Xfce that uses GStreamer."
}