{
    "repo_name": "vovolinux",
    "repo_url": "https://vovolinux.com.br/vovomazon/packages/var/lib/mzphp/unreleased/",
    "repo_dirlib": "/var/lib/mzphp/",
    "folder": "libraries/",
    "name": "pixman",
    "version": "0.34.0-1",
    "maintainer": "Rumbler Soppa",
    "license": "GPL",
    "url": "https://cairographics.org",
    "deps": "gtk2, libpng",
    "file_mz": "pixman-0.34.0-1.mz",
    "file_desc": "pixman-0.34.0-1.mz.desc",
    "file_sha256": "pixman-0.34.0-1.mz.sha256",
    "file_json": "pixman-0.34.0-1.mz.json",
    "desc": "The Pixman package contains a library that provides low-level \npixel manipulation features such as image compositing and \ntrapezoid rasterization."
}