{
    "repo_name": "vovolinux",
    "repo_url": "https://vovolinux.com.br/vovomazon/packages/var/lib/mzphp/unreleased/",
    "repo_dirlib": "/var/lib/mzphp/",
    "folder": "libraries/",
    "name": "poppler",
    "version": "0.67.0-1",
    "maintainer": "Rumbler Soppa",
    "license": "GPL",
    "url": "https://freedesktop.net/poppler",
    "deps": "fontconfig, cairo",
    "file_mz": "poppler-0.67.0-1.mz",
    "file_desc": "poppler-0.67.0-1.mz.desc",
    "file_sha256": "poppler-0.67.0-1.mz.sha256",
    "file_json": "poppler-0.67.0-1.mz.json",
    "desc": "The Poppler package contains a PDF rendering library and command \nline tools used to manipulate PDF files."
}