{
    "repo_name": "oficial",
    "repo_url": "http://mazonos.com/packages/",
    "repo_dirlib": "/var/lib/mzphp/",
    "folder": "base/",
    "name": "procps_ng",
    "version": "3.3.15-1",
    "maintainer": "Diego Sarzi",
    "license": "",
    "url": "http://www.linuxfromscratch.org/lfs/view/stable/chapter06/procps-ng.html",
    "deps": "''",
    "file_mz": "procps_ng-3.3.15-1.mz",
    "file_desc": "procps_ng-3.3.15-1.mz.desc",
    "file_sha256": "procps_ng-3.3.15-1.mz.sha256",
    "file_json": "procps_ng-3.3.15-1.mz.json",
    "desc": "The Procps-ng package contains programs for monitoring processes."
}