{
    "repo_name": "oficial",
    "repo_url": "http://mazonos.com/packages/",
    "repo_dirlib": "/var/lib/mzphp/",
    "folder": "base/",
    "name": "pv",
    "version": "1.6.6-1",
    "maintainer": "Diego Sarzi",
    "license": "",
    "url": "http://www.ivarch.com/programs/pv.shtml",
    "deps": "",
    "file_mz": "pv-1.6.6-1.mz",
    "file_desc": "pv-1.6.6-1.mz.desc",
    "file_sha256": "pv-1.6.6-1.mz.sha256",
    "file_json": "pv-1.6.6-1.mz.json",
    "desc": "pv - Pipe Viewer - is a terminal-based tool for monitoring the\nprogress of data through a pipeline."
}