{
    "repo_name": "vovolinux",
    "repo_url": "https://vovolinux.com.br/vovomazon/packages/var/lib/mzphp/unreleased/",
    "repo_dirlib": "/var/lib/mzphp/",
    "folder": "dev-tools/",
    "name": "pycairo",
    "version": "1.18.1-1",
    "maintainer": "Rumbler Soppa",
    "license": "GPL",
    "url": "https://github.com/pycairo",
    "deps": "python2",
    "file_mz": "pycairo-1.18.1-1.mz",
    "file_desc": "pycairo-1.18.1-1.mz.desc",
    "file_sha256": "pycairo-1.18.1-1.mz.sha256",
    "file_json": "pycairo-1.18.1-1.mz.json",
    "desc": "PyCairo provides Python bindings to Cairo."
}