{
    "repo_name": "vovolinux",
    "repo_url": "https://vovolinux.com.br/vovomazon/packages/var/lib/mzphp/unreleased/",
    "repo_dirlib": "/var/lib/mzphp/",
    "folder": "python_modules/",
    "name": "python3_mako",
    "version": "1.0.4-1",
    "maintainer": "Rumbler Soppa",
    "license": "GPL",
    "url": "https://pypi.org",
    "deps": "python3, python3_beaker, python3_markupsafe",
    "file_mz": "python3_mako-1.0.4-1.mz",
    "file_desc": "python3_mako-1.0.4-1.mz.desc",
    "file_sha256": "python3_mako-1.0.4-1.mz.sha256",
    "file_json": "python3_mako-1.0.4-1.mz.json",
    "desc": "Mako is a Python module that implements hyperfast and \nlightweight templating for the Python platform."
}