{
    "repo_name": "oficial",
    "repo_url": "http://mazonos.com/packages/",
    "repo_dirlib": "/var/lib/mzphp/",
    "folder": "dev/",
    "name": "python",
    "version": "3.7.0-1",
    "maintainer": "Diego Sarzi",
    "license": "",
    "url": "http://www.linuxfromscratch.org/lfs/view/stable/chapter06/Python.html",
    "deps": "''",
    "file_mz": "python-3.7.0-1.mz",
    "file_desc": "python-3.7.0-1.mz.desc",
    "file_sha256": "python-3.7.0-1.mz.sha256",
    "file_json": "python-3.7.0-1.mz.json",
    "desc": "The Python 3 package contains the Python development environment.\nIt is useful for object-oriented programming, writing scripts,\nprototyping large programs or developing entire applications."
}