{
    "repo_name": "oficial",
    "repo_url": "http://mazonos.com/packages/",
    "repo_dirlib": "/var/lib/mzphp/",
    "folder": "extra/",
    "name": "qt",
    "version": "5.11.1-1",
    "maintainer": "Diego Sarzi",
    "license": "",
    "url": "http://www.linuxfromscratch.org/blfs/view/8.3/x/qt5.html",
    "deps": "X",
    "file_mz": "qt-5.11.1-1.mz",
    "file_desc": "qt-5.11.1-1.mz.desc",
    "file_sha256": "qt-5.11.1-1.mz.sha256",
    "file_json": "qt-5.11.1-1.mz.json",
    "desc": "Qt5 is a cross-platform application framework that is widely used\nfor developing application software with a graphical user interface (GUI)\n(in which cases Qt5 is classified as a widget toolkit), and also used for\ndeveloping non-GUI programs such as command-line tools and consoles for\nservers. One of the major users of Qt is KDE Frameworks 5 (KF5)."
}