{
    "repo_name": "vovolinux",
    "repo_url": "https://vovolinux.com.br/vovomazon/packages/var/lib/mzphp/unreleased/",
    "repo_dirlib": "/var/lib/mzphp/",
    "folder": "qt5/",
    "name": "qt5_styleplugins",
    "version": "5.0.0-1",
    "maintainer": "Rumbler Soppa",
    "license": "'VARIOUS'",
    "url": "https://github.com/qt/qtstyleplugins",
    "deps": "'qt5_base' 'gtk2'",
    "file_mz": "qt5_styleplugins-5.0.0-1.mz",
    "file_desc": "qt5_styleplugins-5.0.0-1.mz.desc",
    "file_sha256": "qt5_styleplugins-5.0.0-1.mz.sha256",
    "file_json": "qt5_styleplugins-5.0.0-1.mz.json",
    "desc": "Additional style plugins for Qt5"
}