{
    "repo_name": "vovolinux",
    "repo_url": "https://vovolinux.com.br/vovomazon/packages/var/lib/mzphp/unreleased/",
    "repo_dirlib": "/var/lib/mzphp/",
    "folder": "qt5/",
    "name": "qt5_xmlpatterns",
    "version": "5.12.3-1",
    "maintainer": "Rumbler Soppa",
    "license": "VARIOUS",
    "url": "https://qt.io",
    "deps": "qt5_base, qt5_declarative",
    "file_mz": "qt5_xmlpatterns-5.12.3-1.mz",
    "file_desc": "qt5_xmlpatterns-5.12.3-1.mz.desc",
    "file_sha256": "qt5_xmlpatterns-5.12.3-1.mz.sha256",
    "file_json": "qt5_xmlpatterns-5.12.3-1.mz.json",
    "desc": "Support for XPath, XQuery, XSLT and XML schema validation"
}