{
    "repo_name": "vovolinux",
    "repo_url": "https://vovolinux.com.br/vovomazon/packages/var/lib/mzphp/unreleased/",
    "repo_dirlib": "/var/lib/mzphp/",
    "folder": "qt5/",
    "name": "qt5_tools",
    "version": "5.12.3-1",
    "maintainer": "Rumbler Soppa",
    "license": "VARIOUS",
    "url": "https://qt.io",
    "deps": "qt5_base, hicolor_icon_theme",
    "file_mz": "qt5_tools-5.12.3-1.mz",
    "file_desc": "qt5_tools-5.12.3-1.mz.desc",
    "file_sha256": "qt5_tools-5.12.3-1.mz.sha256",
    "file_json": "qt5_tools-5.12.3-1.mz.json",
    "desc": "A cross-platform application and UI framework"
}