{
    "repo_name": "vovolinux",
    "repo_url": "https://vovolinux.com.br/vovomazon/packages/var/lib/mzphp/unreleased/",
    "repo_dirlib": "/var/lib/mzphp/",
    "folder": "qt5/",
    "name": "qt5_webchannel",
    "version": "5.12.3-1",
    "maintainer": "Rumbler Soppa",
    "license": "'VARIOUS'",
    "url": "https://qt.io",
    "deps": "'qt5_declarative'",
    "file_mz": "qt5_webchannel-5.12.3-1.mz",
    "file_desc": "qt5_webchannel-5.12.3-1.mz.desc",
    "file_sha256": "qt5_webchannel-5.12.3-1.mz.sha256",
    "file_json": "qt5_webchannel-5.12.3-1.mz.json",
    "desc": "Provides access to QObject or QML objects from HTML clients for \nseamless integration of Qt applications with HTML/JavaScript clients"
}