{
    "repo_name": "vovolinux",
    "repo_url": "https://vovolinux.com.br/vovomazon/packages/var/lib/mzphp/unreleased/",
    "repo_dirlib": "/var/lib/mzphp/",
    "folder": "xfce4/",
    "name": "ristretto",
    "version": "0.8.3-1",
    "maintainer": "Diego Sarzi",
    "license": "",
    "url": "http://www.linuxfromscratch.org/blfs/view/stable/xfce/ristretto.html",
    "deps": "'libexif-0.6.21' 'libxfce4ui-4.12.1'",
    "file_mz": "ristretto-0.8.3-1.mz",
    "file_desc": "ristretto-0.8.3-1.mz.desc",
    "file_sha256": "ristretto-0.8.3-1.mz.sha256",
    "file_json": "ristretto-0.8.3-1.mz.json",
    "desc": "Ristretto is a fast and lightweight image viewer for\nthe Xfce desktop."
}