{
    "repo_name": "vovolinux",
    "repo_url": "https://vovolinux.com.br/vovomazon/packages/var/lib/mzphp/unreleased/",
    "repo_dirlib": "/var/lib/mzphp/",
    "folder": "extra/",
    "name": "sbc",
    "version": "1.3-1",
    "maintainer": "Rumbler Soppa",
    "license": "GPL",
    "url": "https://www.kernel.org/pub/linux/bluetooth/",
    "deps": "libsndfile",
    "file_mz": "sbc-1.3-1.mz",
    "file_desc": "sbc-1.3-1.mz.desc",
    "file_sha256": "sbc-1.3-1.mz.sha256",
    "file_json": "sbc-1.3-1.mz.json",
    "desc": "The SBC is a digital audio encoder and decoder used to transfer \ndata to Bluetooth audio output devices like headphones or loudspeakers."
}