{
    "repo_name": "oficial",
    "repo_url": "http://mazonos.com/packages/",
    "repo_dirlib": "/var/lib/mzphp/",
    "folder": "lib/",
    "name": "sdl_net",
    "version": "1.2.8-1",
    "maintainer": "Jefferson Rocha",
    "license": "''",
    "url": "https://www.libsdl.org/projects/SDL_net/release-1.2.html",
    "deps": "''",
    "file_mz": "sdl_net-1.2.8-1.mz",
    "file_desc": "sdl_net-1.2.8-1.mz.desc",
    "file_sha256": "sdl_net-1.2.8-1.mz.sha256",
    "file_json": "sdl_net-1.2.8-1.mz.json",
    "desc": "This is a small sample cross-platform networking library, with a\nsample chat client and server application. The chat client uses the\nGUIlib GUI framework library."
}