{
    "repo_name": "vovolinux",
    "repo_url": "https://vovolinux.com.br/vovomazon/packages/var/lib/mzphp/unreleased/",
    "repo_dirlib": "/var/lib/mzphp/",
    "folder": "extra/",
    "name": "sharutils",
    "version": "4.15.2-1",
    "maintainer": "Rumbler Soppa",
    "license": "'GPL'",
    "url": "https://gnu.org",
    "deps": "''",
    "file_mz": "sharutils-4.15.2-1.mz",
    "file_desc": "sharutils-4.15.2-1.mz.desc",
    "file_sha256": "sharutils-4.15.2-1.mz.sha256",
    "file_json": "sharutils-4.15.2-1.mz.json",
    "desc": "The Sharutils package contains utilities that can \ncreate"
}