{
    "repo_name": "vovolinux",
    "repo_url": "https://vovolinux.com.br/vovomazon/packages/var/lib/mzphp/unreleased/",
    "repo_dirlib": "/var/lib/mzphp/",
    "folder": "libraries/",
    "name": "soundtouch",
    "version": "2.0.0-1",
    "maintainer": "Rumbler Soppa",
    "license": "'GPL'",
    "url": "http://www.surina.net",
    "deps": "''",
    "file_mz": "soundtouch-2.0.0-1.mz",
    "file_desc": "soundtouch-2.0.0-1.mz.desc",
    "file_sha256": "soundtouch-2.0.0-1.mz.sha256",
    "file_json": "soundtouch-2.0.0-1.mz.json",
    "desc": "The SoundTouch package contains an open-source audio processing \nlibrary that allows changing the sound tempo, pitch and playback rate \nparameters independently from each other."
}