{
    "repo_name": "vovolinux",
    "repo_url": "https://vovolinux.com.br/vovomazon/packages/var/lib/mzphp/unreleased/",
    "repo_dirlib": "/var/lib/mzphp/",
    "folder": "extra/",
    "name": "spotify",
    "version": "1.0.98.78-1",
    "maintainer": "Rumbler Soppa",
    "license": "'1'",
    "url": "https://www.spotify.com",
    "deps": "'libasound,atk-bridge,libatomic,curl,gconf,glib,gtk2,libnss,libssl,libxss,libxtst,xdg_utils,libavcodec,libavcodec_extra,libavcodec_ffmpeg,\nlibavcodec_ffmpeg_extra,libavformat,libavformat_ffmpeg,libnotify'",
    "file_mz": "spotify-1.0.98.78-1.mz",
    "file_desc": "spotify-1.0.98.78-1.mz.desc",
    "file_sha256": "spotify-1.0.98.78-1.mz.sha256",
    "file_json": "spotify-1.0.98.78-1.mz.json",
    "desc": "Music Stream"
}