{
    "repo_name": "vovolinux",
    "repo_url": "https://vovolinux.com.br/vovomazon/packages/var/lib/mzphp/unreleased/",
    "repo_dirlib": "/var/lib/mzphp/",
    "folder": "dev-tools/",
    "name": "sqlite",
    "version": "3.24.0-1",
    "maintainer": "Rumbler Soppa",
    "license": "'GPL'",
    "url": "https://sqlite.org",
    "deps": "''",
    "file_mz": "sqlite-3.24.0-1.mz",
    "file_desc": "sqlite-3.24.0-1.mz.desc",
    "file_sha256": "sqlite-3.24.0-1.mz.sha256",
    "file_json": "sqlite-3.24.0-1.mz.json",
    "desc": "The SQLite package is a software library that implements a \nself-contained, serverless, zero-configuration\n transactional SQL database engine."
}