{
    "repo_name": "oficial",
    "repo_url": "http://mazonos.com/packages/",
    "repo_dirlib": "/var/lib/mzphp/",
    "folder": "base/",
    "name": "sudo",
    "version": "1.8.27-1",
    "maintainer": "Diego Sarzi",
    "license": "",
    "url": "http://www.linuxfromscratch.org/blfs/view/svn/postlfs/sudo.html",
    "deps": "",
    "file_mz": "sudo-1.8.27-1.mz",
    "file_desc": "sudo-1.8.27-1.mz.desc",
    "file_sha256": "sudo-1.8.27-1.mz.sha256",
    "file_json": "sudo-1.8.27-1.mz.json",
    "desc": "The Sudo package allows a system administrator to give certain\nusers (or groups of users) the ability to run some (or all) commands\nas root or another user while logging the commands and arguments."
}