{
    "repo_name": "vovolinux",
    "repo_url": "https://vovolinux.com.br/vovomazon/packages/var/lib/mzphp/unreleased/",
    "repo_dirlib": "/var/lib/mzphp/",
    "folder": "libraries/",
    "name": "taglib",
    "version": "1.11.1-1",
    "maintainer": "Rumbler Soppa",
    "license": "'GPL'",
    "url": "https://taglib.org/",
    "deps": "''",
    "file_mz": "taglib-1.11.1-1.mz",
    "file_desc": "taglib-1.11.1-1.mz.desc",
    "file_sha256": "taglib-1.11.1-1.mz.sha256",
    "file_json": "taglib-1.11.1-1.mz.json",
    "desc": "Taglib is a library used for reading, writing and manipulating \naudio file tags and is used by applications such as Amarok and VLC."
}