{
    "repo_name": "oficial",
    "repo_url": "http://mazonos.com/packages/",
    "repo_dirlib": "/var/lib/mzphp/",
    "folder": "base/",
    "name": "tar",
    "version": "1.30-1",
    "maintainer": "Diego Sarzi",
    "license": "",
    "url": "http://www.linuxfromscratch.org/lfs/view/stable/chapter06/tar.html",
    "deps": "",
    "file_mz": "tar-1.30-1.mz",
    "file_desc": "tar-1.30-1.mz.desc",
    "file_sha256": "tar-1.30-1.mz.sha256",
    "file_json": "tar-1.30-1.mz.json",
    "desc": "The Tar package contains an archiving program."
}