{
    "repo_name": "vovolinux",
    "repo_url": "https://vovolinux.com.br/vovomazon/packages/var/lib/mzphp/unreleased/",
    "repo_dirlib": "/var/lib/mzphp/",
    "folder": "xfce4/",
    "name": "thunar",
    "version": "1.7.0-1",
    "maintainer": "Rumbler Soppa",
    "license": "'GPL'",
    "url": "ihttps://xfce.org",
    "deps": "'exo' 'libxfce4ui' 'libgudev' 'libnotify' 'xfce4_panel' 'gvfs' 'libexif' 'tumbler'",
    "file_mz": "thunar-1.7.0-1.mz",
    "file_desc": "thunar-1.7.0-1.mz.desc",
    "file_sha256": "thunar-1.7.0-1.mz.sha256",
    "file_json": "thunar-1.7.0-1.mz.json",
    "desc": "Thunar is the Xfce file manager, a GTK+ 2 GUI to organise the \nfiles on your computer."
}