{
    "repo_name": "vovolinux",
    "repo_url": "https://vovolinux.com.br/vovomazon/packages/var/lib/mzphp/unreleased/",
    "repo_dirlib": "/var/lib/mzphp/",
    "folder": "extra/",
    "name": "totem_pl_parser",
    "version": "3.26.1-1",
    "maintainer": "Rumbler Soppa",
    "license": "'GPL'",
    "url": "https://gnome.org",
    "deps": "'gmime' 'libsoup' 'gobject_introspection' 'libarchive' 'libgcrypt'",
    "file_mz": "totem_pl_parser-3.26.1-1.mz",
    "file_desc": "totem_pl_parser-3.26.1-1.mz.desc",
    "file_sha256": "totem_pl_parser-3.26.1-1.mz.sha256",
    "file_json": "totem_pl_parser-3.26.1-1.mz.json",
    "desc": "The Totem PL Parser package contains a simple GObject-based \nlibrary used to parse multiple playlist formats."
}