{
    "repo_name": "vovolinux",
    "repo_url": "https://vovolinux.com.br/vovomazon/packages/var/lib/mzphp/unreleased/",
    "repo_dirlib": "/var/lib/mzphp/",
    "folder": "extra/",
    "name": "tracker",
    "version": "2.0.4-1",
    "maintainer": "Rumbler Soppa",
    "license": "GPL",
    "url": "https://gnome.org",
    "deps": "json_glib, libseccomp, libsoup, python2, vala, gobject_introspection, networkmanager, sqlite, upower",
    "file_mz": "tracker-2.0.4-1.mz",
    "file_desc": "tracker-2.0.4-1.mz.desc",
    "file_sha256": "tracker-2.0.4-1.mz.sha256",
    "file_json": "tracker-2.0.4-1.mz.json",
    "desc": "Tracker is the file indexing and search provider used in the \nGNOME desktop environment."
}