{
    "repo_name": "vovolinux",
    "repo_url": "https://vovolinux.com.br/vovomazon/packages/var/lib/mzphp/unreleased/",
    "repo_dirlib": "/var/lib/mzphp/",
    "folder": "libraries/",
    "name": "tslib",
    "version": "1.19-1",
    "maintainer": "Rumbler Soppa",
    "license": "'GPL'",
    "url": "https://github.com/kergoth/tslib",
    "deps": "''",
    "file_mz": "tslib-1.19-1.mz",
    "file_desc": "tslib-1.19-1.mz.desc",
    "file_sha256": "tslib-1.19-1.mz.sha256",
    "file_json": "tslib-1.19-1.mz.json",
    "desc": "tslib consists of the library libts and tools that help you \ncalibrate and use it in your environment."
}