{
    "repo_name": "vovolinux",
    "repo_url": "https://vovolinux.com.br/vovomazon/packages/var/lib/mzphp/unreleased/",
    "repo_dirlib": "/var/lib/mzphp/",
    "folder": "xfce4/",
    "name": "tumbler",
    "version": "0.2.1-1",
    "maintainer": "Rumbler Soppa",
    "license": "'GPL'",
    "url": "https://xfce.org",
    "deps": "'glib' 'freetupe' 'gdk_pixbuf' 'gst_plugins_base' 'libjpeg_turbo' 'libgsf' 'libpng' 'poppler' 'ffmpegthumbnailer'",
    "file_mz": "tumbler-0.2.1-1.mz",
    "file_desc": "tumbler-0.2.1-1.mz.desc",
    "file_sha256": "tumbler-0.2.1-1.mz.sha256",
    "file_json": "tumbler-0.2.1-1.mz.json",
    "desc": "The Tumbler package contains a D-Bus thumbnailing service based \non the thumbnail management D-Bus specification. This is useful for \ngenerating thumbnail images of files."
}