{
    "repo_name": "vovolinux",
    "repo_url": "https://vovolinux.com.br/vovomazon/packages/var/lib/mzphp/unreleased/",
    "repo_dirlib": "/var/lib/mzphp/",
    "folder": "extra/",
    "name": "ucd",
    "version": "0-1",
    "maintainer": "Rumbler Soppa",
    "license": "GPL",
    "url": "https://unicode.org",
    "deps": "",
    "file_mz": "ucd-0-1.mz",
    "file_desc": "ucd-0-1.mz.desc",
    "file_sha256": "ucd-0-1.mz.sha256",
    "file_json": "ucd-0-1.mz.json",
    "desc": "Unicode Character Database"
}