{
    "repo_name": "oficial",
    "repo_url": "http://mazonos.com/packages/",
    "repo_dirlib": "/var/lib/mzphp/",
    "folder": "base/",
    "name": "which",
    "version": "2.21-1",
    "maintainer": "Diego Sarzi",
    "license": "",
    "url": "http://www.linuxfromscratch.org/blfs/view/svn/general/which.html",
    "deps": "''",
    "file_mz": "which-2.21-1.mz",
    "file_desc": "which-2.21-1.mz.desc",
    "file_sha256": "which-2.21-1.mz.sha256",
    "file_json": "which-2.21-1.mz.json",
    "desc": "The presence or absence of the which program in the main LFS book\nis probably one of the most contentious issues on the mailing lists.\n\nIt has resulted in at least one flame war in the past. To hopefully put\nan end to this once and for all, presented here are two options for\nequipping your system with which. The question of which"
}