{
    "repo_name": "oficial",
    "repo_url": "http://mazonos.com/packages/",
    "repo_dirlib": "/var/lib/mzphp/",
    "folder": "lib/",
    "name": "wxgtk",
    "version": "3.0.4-1",
    "maintainer": "Lincoln Lordello",
    "license": "'custom:wxWindows'",
    "url": "http://www.wxwidgets.org/",
    "deps": "'glu'",
    "file_mz": "wxgtk-3.0.4-1.mz",
    "file_desc": "wxgtk-3.0.4-1.mz.desc",
    "file_sha256": "wxgtk-3.0.4-1.mz.sha256",
    "file_json": "wxgtk-3.0.4-1.mz.json",
    "desc": "wxGTK3 is part of wxWidgets, a cross-platform API for writing GUI\napplications on multiple platforms that still utilize the native\nplatform"
}