{
    "repo_name": "vovolinux",
    "repo_url": "https://vovolinux.com.br/vovomazon/packages/var/lib/mzphp/unreleased/",
    "repo_dirlib": "/var/lib/mzphp/",
    "folder": "libraries/",
    "name": "x265",
    "version": "2.8-1",
    "maintainer": "Diego Sarzi",
    "license": "",
    "url": "http://www.linuxfromscratch.org/blfs/view/8.3/multimedia/x265.html",
    "deps": "CMake-3.12.1",
    "file_mz": "x265-2.8-1.mz",
    "file_desc": "x265-2.8-1.mz.desc",
    "file_sha256": "x265-2.8-1.mz.sha256",
    "file_json": "x265-2.8-1.mz.json",
    "desc": "x265 package provides a library for encoding video streams into\nthe H.265/HEVC format."
}