{
    "repo_name": "vovolinux",
    "repo_url": "https://vovolinux.com.br/vovomazon/packages/var/lib/mzphp/unreleased/",
    "repo_dirlib": "/var/lib/mzphp/",
    "folder": "xorg/",
    "name": "xbitmaps",
    "version": "1.1.2-1",
    "maintainer": "Rumbler Soppa",
    "license": "GPL",
    "url": "https://x.org",
    "deps": "util_macros",
    "file_mz": "xbitmaps-1.1.2-1.mz",
    "file_desc": "xbitmaps-1.1.2-1.mz.desc",
    "file_sha256": "xbitmaps-1.1.2-1.mz.sha256",
    "file_json": "xbitmaps-1.1.2-1.mz.json",
    "desc": "The xbitmaps package contains bitmap images used by multiple \napplications built in Xorg chapter."
}