{
    "repo_name": "vovolinux",
    "repo_url": "https://vovolinux.com.br/vovomazon/packages/var/lib/mzphp/unreleased/",
    "repo_dirlib": "/var/lib/mzphp/",
    "folder": "xorg/",
    "name": "xdg_utils",
    "version": "1.1.3-1",
    "maintainer": "Rumbler Soppa",
    "license": "'GPL'",
    "url": "https://freedesktop.org",
    "deps": "'xmlto' 'xorg_apps' 'dbus'",
    "file_mz": "xdg_utils-1.1.3-1.mz",
    "file_desc": "xdg_utils-1.1.3-1.mz.desc",
    "file_sha256": "xdg_utils-1.1.3-1.mz.sha256",
    "file_json": "xdg_utils-1.1.3-1.mz.json",
    "desc": "xdg-utils is a a set of command line tools that assist \napplications with a variety of desktop integration tasks. It is \nrequired for Linux Standards Base (LSB) conformance."
}