{
    "repo_name": "vovolinux",
    "repo_url": "https://vovolinux.com.br/vovomazon/packages/var/lib/mzphp/unreleased/",
    "repo_dirlib": "/var/lib/mzphp/",
    "folder": "xorg_drivers/",
    "name": "xf86_input_synaptics",
    "version": "1.9.1-1",
    "maintainer": "Rumbler Soppa",
    "license": "GPL",
    "url": "https://x.org",
    "deps": "libevdev, xorg_server",
    "file_mz": "xf86_input_synaptics-1.9.1-1.mz",
    "file_desc": "xf86_input_synaptics-1.9.1-1.mz.desc",
    "file_sha256": "xf86_input_synaptics-1.9.1-1.mz.sha256",
    "file_json": "xf86_input_synaptics-1.9.1-1.mz.json",
    "desc": "The Xorg Synaptics Driver package contains the X.Org Input \nDriver, support programs and SDK for Synaptics touchpads. Even \nthough the evdev driver can handle touchpads very well, this \ndriver is required if you want to use advanced features like \nmulti tapping, scrolling with touchpad, turning the touchpad \noff while typing, etc."
}