{
    "repo_name": "vovolinux",
    "repo_url": "https://vovolinux.com.br/vovomazon/packages/var/lib/mzphp/unreleased/",
    "repo_dirlib": "/var/lib/mzphp/",
    "folder": "xorg_drivers/",
    "name": "xf86_input_libinput",
    "version": "0.28.0-1",
    "maintainer": "Rumbler Soppa",
    "license": "'GPL'",
    "url": "https://x.org",
    "deps": "'libinput' 'xorg_server'",
    "file_mz": "xf86_input_libinput-0.28.0-1.mz",
    "file_desc": "xf86_input_libinput-0.28.0-1.mz.desc",
    "file_sha256": "xf86_input_libinput-0.28.0-1.mz.sha256",
    "file_json": "xf86_input_libinput-0.28.0-1.mz.json",
    "desc": "The X.Org Libinput Driver is a thin wrapper around libinput and \nallows for libinput to be used for input devices in X. This driver can \nbe used as as drop-in replacement for evdev and synaptics."
}