{
    "repo_name": "vovolinux",
    "repo_url": "https://vovolinux.com.br/vovomazon/packages/var/lib/mzphp/unreleased/",
    "repo_dirlib": "/var/lib/mzphp/",
    "folder": "xorg_drivers/",
    "name": "xf86_video_nouveau",
    "version": "1.0.15-1",
    "maintainer": "Rumbler Soppa",
    "license": "GPL",
    "url": "https://x.org",
    "deps": "xorg_server",
    "file_mz": "xf86_video_nouveau-1.0.15-1.mz",
    "file_desc": "xf86_video_nouveau-1.0.15-1.mz.desc",
    "file_sha256": "xf86_video_nouveau-1.0.15-1.mz.sha256",
    "file_json": "xf86_video_nouveau-1.0.15-1.mz.json",
    "desc": "The Xorg Nouveau Driver package contains the X.Org Video Driver \nfor NVidia Cards including RIVA TNT, RIVA TNT2, GeForce 256, QUADRO, \nGeForce2, QUADRO2, GeForce3, QUADRO DDC, nForce, nForce2, GeForce4, \nQUADRO4, GeForce FX, QUADRO FX, GeForce 6XXX and GeForce 7xxx chipsets."
}