{
    "repo_name": "vovolinux",
    "repo_url": "https://vovolinux.com.br/vovomazon/packages/var/lib/mzphp/unreleased/",
    "repo_dirlib": "/var/lib/mzphp/",
    "folder": "xorg_drivers/",
    "name": "xf86_video_vmware",
    "version": "13.3.0-1",
    "maintainer": "Rumbler Soppa",
    "license": "'GPL'",
    "url": "https://x.org",
    "deps": "'xorg_server'",
    "file_mz": "xf86_video_vmware-13.3.0-1.mz",
    "file_desc": "xf86_video_vmware-13.3.0-1.mz.desc",
    "file_sha256": "xf86_video_vmware-13.3.0-1.mz.sha256",
    "file_json": "xf86_video_vmware-13.3.0-1.mz.json",
    "desc": "The Xorg VMware Driver package contains the X.Org Video Driver \nfor VMware SVGA virtual video cards."
}