{
    "repo_name": "vovolinux",
    "repo_url": "https://vovolinux.com.br/vovomazon/packages/var/lib/mzphp/unreleased/",
    "repo_dirlib": "/var/lib/mzphp/",
    "folder": "xorg_drivers/",
    "name": "xf86_video_intel",
    "version": "20180223-1",
    "maintainer": "Rumbler Soppa",
    "license": "GPL",
    "url": "https://intel.com",
    "deps": "xcb_util, xorg_server",
    "file_mz": "xf86_video_intel-20180223-1.mz",
    "file_desc": "xf86_video_intel-20180223-1.mz.desc",
    "file_sha256": "xf86_video_intel-20180223-1.mz.sha256",
    "file_json": "xf86_video_intel-20180223-1.mz.json",
    "desc": "The Xorg Intel Driver package contains the X.Org Video Driver for \nIntel integrated video chips including 8xx, 9xx, Gxx, Qxx, HD, Iris, \nand Iris Pro graphics processors."
}