{
    "repo_name": "vovolinux",
    "repo_url": "https://vovolinux.com.br/vovomazon/packages/var/lib/mzphp/unreleased/",
    "repo_dirlib": "/var/lib/mzphp/",
    "folder": "xfce4/",
    "name": "xfce4_panel",
    "version": "4.12.2-1",
    "maintainer": "Rumbler Soppa",
    "license": "GPL",
    "url": "https://xfce.org",
    "deps": "exo, garcon, libwnck, libxfce4ui",
    "file_mz": "xfce4_panel-4.12.2-1.mz",
    "file_desc": "xfce4_panel-4.12.2-1.mz.desc",
    "file_sha256": "xfce4_panel-4.12.2-1.mz.sha256",
    "file_json": "xfce4_panel-4.12.2-1.mz.json",
    "desc": "The Xfce4 Panel package contains the Xfce4 Panel."
}