{
    "repo_name": "vovolinux",
    "repo_url": "https://vovolinux.com.br/vovomazon/packages/var/lib/mzphp/unreleased/",
    "repo_dirlib": "/var/lib/mzphp/",
    "folder": "xfce4/",
    "name": "xfconf",
    "version": "4.12.1-1",
    "maintainer": "Rumbler Soppa",
    "license": "'GPL'",
    "url": "https://xfce.org",
    "deps": "'dbus_glib' 'libxfce4util'",
    "file_mz": "xfconf-4.12.1-1.mz",
    "file_desc": "xfconf-4.12.1-1.mz.desc",
    "file_sha256": "xfconf-4.12.1-1.mz.sha256",
    "file_json": "xfconf-4.12.1-1.mz.json",
    "desc": "Xfconf is the configuration storage system for Xfce."
}