{
    "repo_name": "vovolinux",
    "repo_url": "https://vovolinux.com.br/vovomazon/packages/var/lib/mzphp/unreleased/",
    "repo_dirlib": "/var/lib/mzphp/",
    "folder": "base/",
    "name": "xfsprogs",
    "version": "4.17.0-1",
    "maintainer": "Rumbler Soppa",
    "license": "GPL",
    "url": "https://www.kernel.org/pub/linux/utils/fs/xfs/xfsprogs",
    "deps": "",
    "file_mz": "xfsprogs-4.17.0-1.mz",
    "file_desc": "xfsprogs-4.17.0-1.mz.desc",
    "file_sha256": "xfsprogs-4.17.0-1.mz.sha256",
    "file_json": "xfsprogs-4.17.0-1.mz.json",
    "desc": "The xfsprogs package contains administration and debugging \ntools for the XFS file system."
}