{
    "repo_name": "vovolinux",
    "repo_url": "https://vovolinux.com.br/vovomazon/packages/var/lib/mzphp/unreleased/",
    "repo_dirlib": "/var/lib/mzphp/",
    "folder": "xorg/",
    "name": "xinit",
    "version": "1.4.0-1",
    "maintainer": "Rumbler Soppa",
    "license": "'GPL'",
    "url": "https://www.x.org",
    "deps": "'xorg_libraries'",
    "file_mz": "xinit-1.4.0-1.mz",
    "file_desc": "xinit-1.4.0-1.mz.desc",
    "file_sha256": "xinit-1.4.0-1.mz.sha256",
    "file_json": "xinit-1.4.0-1.mz.json",
    "desc": "The xinit package contains a usable script to start the xserver."
}