{
    "repo_name": "vovolinux",
    "repo_url": "https://vovolinux.com.br/vovomazon/packages/var/lib/mzphp/unreleased/",
    "repo_dirlib": "/var/lib/mzphp/",
    "folder": "xorg/",
    "name": "xkeyboard_config",
    "version": "2.24-1",
    "maintainer": "Rumbler Soppa",
    "license": "GPL",
    "url": "https://x.org",
    "deps": "xorg_libraries",
    "file_mz": "xkeyboard_config-2.24-1.mz",
    "file_desc": "xkeyboard_config-2.24-1.mz.desc",
    "file_sha256": "xkeyboard_config-2.24-1.mz.sha256",
    "file_json": "xkeyboard_config-2.24-1.mz.json",
    "desc": "The XKeyboardConfig package contains the keyboard \nconfiguration database for the X Window System."
}