{
    "repo_name": "vovolinux",
    "repo_url": "https://vovolinux.com.br/vovomazon/packages/var/lib/mzphp/unreleased/",
    "repo_dirlib": "/var/lib/mzphp/",
    "folder": "perl_modules/",
    "name": "XML_Simple",
    "version": "2.25-1",
    "maintainer": "Rumbler Soppa",
    "license": "GPL",
    "url": "https://cpan.org",
    "deps": "perl",
    "file_mz": "XML_Simple-2.25-1.mz",
    "file_desc": "XML_Simple-2.25-1.mz.desc",
    "file_sha256": "XML_Simple-2.25-1.mz.sha256",
    "file_json": "XML_Simple-2.25-1.mz.json",
    "desc": "The XML::Simple module is a Perl extension that provides an easy \nAPI to read and write XML (especially config files)."
}