{
    "repo_name": "vovolinux",
    "repo_url": "https://vovolinux.com.br/vovomazon/packages/var/lib/mzphp/unreleased/",
    "repo_dirlib": "/var/lib/mzphp/",
    "folder": "xorg/",
    "name": "xorg_server",
    "version": "1.20.1-1",
    "maintainer": "Rumbler Soppa",
    "license": "GPL",
    "url": "https://x.org",
    "deps": "pixman, xorg_fonts, xkeyboard_config, libepoxy, acpid, nettle, libgcrypt, xcb_util_keysyms, xcb_util_image, xcb_util_renderuril, xcb_util_wm, ayland_protocols",
    "file_mz": "xorg_server-1.20.1-1.mz",
    "file_desc": "xorg_server-1.20.1-1.mz.desc",
    "file_sha256": "xorg_server-1.20.1-1.mz.sha256",
    "file_json": "xorg_server-1.20.1-1.mz.json",
    "desc": "The Xorg Server is the core of the X Window system."
}