{
    "repo_name": "oficial",
    "repo_url": "http://mazonos.com/packages/",
    "repo_dirlib": "/var/lib/mzphp/",
    "folder": "extra/",
    "name": "xorriso",
    "version": "1.5.0-1",
    "maintainer": "Diego Sarzi",
    "license": "'GPL3+'",
    "url": "https://www.gnu.org/software/xorriso/",
    "deps": "''",
    "file_mz": "xorriso-1.5.0-1.mz",
    "file_desc": "xorriso-1.5.0-1.mz.desc",
    "file_sha256": "xorriso-1.5.0-1.mz.sha256",
    "file_json": "xorriso-1.5.0-1.mz.json",
    "desc": "xorriso copies file objects from POSIX compliant filesystems into \nRock Ridge enhanced ISO 9660 filesystems and allows session-wise\nmanipulation of such filesystems. It can load the management information\nof existing ISO images and it writes the session results to optical media\nor to filesystem objects. \n\nVice versa xorriso is able to copy file objects out of ISO 9660\nfilesystems."
}