{
    "repo_name": "vovolinux",
    "repo_url": "https://vovolinux.com.br/vovomazon/packages/var/lib/mzphp/unreleased/",
    "repo_dirlib": "/var/lib/mzphp/",
    "folder": "libraries/",
    "name": "yelp_xsl",
    "version": "3.28.0-1",
    "maintainer": "Rumbler Soppa",
    "license": "GPL",
    "url": "https://gnome.org",
    "deps": "libxslt, itstool",
    "file_mz": "yelp_xsl-3.28.0-1.mz",
    "file_desc": "yelp_xsl-3.28.0-1.mz.desc",
    "file_sha256": "yelp_xsl-3.28.0-1.mz.sha256",
    "file_json": "yelp_xsl-3.28.0-1.mz.json",
    "desc": "The Yelp XSL package contains XSL stylesheets that are used by \nthe Yelp help browser to format Docbook and Mallard documents."
}