{
    "repo_name": "oficial",
    "repo_url": "http://mazonos.com/packages/",
    "repo_dirlib": "/var/lib/mzphp/",
    "folder": "extra/",
    "name": "zsh",
    "version": "5.5.1-1",
    "maintainer": "Diego Sarzi",
    "license": "",
    "url": "http://www.linuxfromscratch.org/blfs/view/8.3/postlfs/zsh.html",
    "deps": "''",
    "file_mz": "zsh-5.5.1-1.mz",
    "file_desc": "zsh-5.5.1-1.mz.desc",
    "file_sha256": "zsh-5.5.1-1.mz.sha256",
    "file_json": "zsh-5.5.1-1.mz.json",
    "desc": "The zsh package contains a command interpreter (shell) usable as\nan interactive login shell and as a shell script command processor.\n\nOf the standard shells, zsh most closely resembles ksh but includes many\nenhancements."
}